datetime,datetime_utc,value,geo_id
2026-08-28T00:00:00.000+02:00,2026-08-27T22:00:00Z,4781.8,8741
2026-08-28T00:15:00.000+02:00,2026-08-27T22:15:00Z,4882.8,8741
2026-08-28T00:30:00.000+02:00,2026-08-27T22:30:00Z,4806.8,8741
2026-08-28T00:45:00.000+02:00,2026-08-27T22:45:00Z,4703.0,8741
2026-08-28T01:00:00.000+02:00,2026-08-27T23:00:00Z,4598.2,8741
2026-08-28T01:15:00.000+02:00,2026-08-27T23:15:00Z,4621.8,8741
2026-08-28T01:30:00.000+02:00,2026-08-27T23:30:00Z,4569.8,8741
2026-08-28T01:45:00.000+02:00,2026-08-27T23:45:00Z,4597.8,8741
2026-08-28T02:00:00.000+02:00,2026-08-28T00:00:00Z,4331.4,8741
2026-08-28T02:15:00.000+02:00,2026-08-28T00:15:00Z,4362.2,8741
2026-08-28T02:30:00.000+02:00,2026-08-28T00:30:00Z,4349.4,8741
2026-08-28T02:45:00.000+02:00,2026-08-28T00:45:00Z,4367.9,8741
2026-08-28T03:00:00.000+02:00,2026-08-28T01:00:00Z,4257.2,8741
2026-08-28T03:15:00.000+02:00,2026-08-28T01:15:00Z,4263.1,8741
2026-08-28T03:30:00.000+02:00,2026-08-28T01:30:00Z,4242.8,8741
2026-08-28T03:45:00.000+02:00,2026-08-28T01:45:00Z,4240.2,8741
2026-08-28T04:00:00.000+02:00,2026-08-28T02:00:00Z,4199.5,8741
2026-08-28T04:15:00.000+02:00,2026-08-28T02:15:00Z,4166.9,8741
2026-08-28T04:30:00.000+02:00,2026-08-28T02:30:00Z,4122.0,8741
2026-08-28T04:45:00.000+02:00,2026-08-28T02:45:00Z,4124.2,8741
2026-08-28T05:00:00.000+02:00,2026-08-28T03:00:00Z,4194.7,8741
2026-08-28T05:15:00.000+02:00,2026-08-28T03:15:00Z,4119.2,8741
2026-08-28T05:30:00.000+02:00,2026-08-28T03:30:00Z,4056.7,8741
2026-08-28T05:45:00.000+02:00,2026-08-28T03:45:00Z,4058.8,8741
2026-08-28T06:00:00.000+02:00,2026-08-28T04:00:00Z,4012.8,8741
2026-08-28T06:15:00.000+02:00,2026-08-28T04:15:00Z,4107.8,8741
2026-08-28T06:30:00.000+02:00,2026-08-28T04:30:00Z,4157.7,8741
2026-08-28T06:45:00.000+02:00,2026-08-28T04:45:00Z,4106.4,8741
2026-08-28T07:00:00.000+02:00,2026-08-28T05:00:00Z,4229.3,8741
2026-08-28T07:15:00.000+02:00,2026-08-28T05:15:00Z,4350.3,8741
2026-08-28T07:30:00.000+02:00,2026-08-28T05:30:00Z,4447.0,8741
2026-08-28T07:45:00.000+02:00,2026-08-28T05:45:00Z,4622.5,8741
2026-08-28T08:00:00.000+02:00,2026-08-28T06:00:00Z,4575.3,8741
2026-08-28T08:15:00.000+02:00,2026-08-28T06:15:00Z,4918.8,8741
2026-08-28T08:30:00.000+02:00,2026-08-28T06:30:00Z,5177.2,8741
2026-08-28T08:45:00.000+02:00,2026-08-28T06:45:00Z,5661.9,8741
2026-08-28T09:00:00.000+02:00,2026-08-28T07:00:00Z,6075.8,8741
2026-08-28T09:15:00.000+02:00,2026-08-28T07:15:00Z,6517.3,8741
2026-08-28T09:30:00.000+02:00,2026-08-28T07:30:00Z,6819.5,8741
2026-08-28T09:45:00.000+02:00,2026-08-28T07:45:00Z,7703.5,8741
2026-08-28T10:00:00.000+02:00,2026-08-28T08:00:00Z,8520.3,8741
2026-08-28T10:15:00.000+02:00,2026-08-28T08:15:00Z,8591.5,8741
2026-08-28T10:30:00.000+02:00,2026-08-28T08:30:00Z,8609.9,8741
2026-08-28T10:45:00.000+02:00,2026-08-28T08:45:00Z,8605.6,8741
2026-08-28T11:00:00.000+02:00,2026-08-28T09:00:00Z,8569.7,8741
2026-08-28T11:15:00.000+02:00,2026-08-28T09:15:00Z,8554.2,8741
2026-08-28T11:30:00.000+02:00,2026-08-28T09:30:00Z,8519.7,8741
2026-08-28T11:45:00.000+02:00,2026-08-28T09:45:00Z,8567.4,8741
2026-08-28T12:00:00.000+02:00,2026-08-28T10:00:00Z,8584.5,8741
2026-08-28T12:15:00.000+02:00,2026-08-28T10:15:00Z,8586.8,8741
2026-08-28T12:30:00.000+02:00,2026-08-28T10:30:00Z,8599.3,8741
2026-08-28T12:45:00.000+02:00,2026-08-28T10:45:00Z,8635.3,8741
2026-08-28T13:00:00.000+02:00,2026-08-28T11:00:00Z,8688.6,8741
2026-08-28T13:15:00.000+02:00,2026-08-28T11:15:00Z,8736.5,8741
2026-08-28T13:30:00.000+02:00,2026-08-28T11:30:00Z,8742.6,8741
2026-08-28T13:45:00.000+02:00,2026-08-28T11:45:00Z,8753.8,8741
2026-08-28T14:00:00.000+02:00,2026-08-28T12:00:00Z,8743.6,8741
2026-08-28T14:15:00.000+02:00,2026-08-28T12:15:00Z,8738.4,8741
2026-08-28T14:30:00.000+02:00,2026-08-28T12:30:00Z,8704.1,8741
2026-08-28T14:45:00.000+02:00,2026-08-28T12:45:00Z,8639.3,8741
2026-08-28T15:00:00.000+02:00,2026-08-28T13:00:00Z,8617.3,8741
2026-08-28T15:15:00.000+02:00,2026-08-28T13:15:00Z,8579.3,8741
2026-08-28T15:30:00.000+02:00,2026-08-28T13:30:00Z,8502.4,8741
2026-08-28T15:45:00.000+02:00,2026-08-28T13:45:00Z,8482.3,8741
2026-08-28T16:00:00.000+02:00,2026-08-28T14:00:00Z,8468.5,8741
2026-08-28T16:15:00.000+02:00,2026-08-28T14:15:00Z,8469.9,8741
2026-08-28T16:30:00.000+02:00,2026-08-28T14:30:00Z,8435.4,8741
2026-08-28T16:45:00.000+02:00,2026-08-28T14:45:00Z,8424.6,8741
2026-08-28T17:00:00.000+02:00,2026-08-28T15:00:00Z,8559.2,8741
2026-08-28T17:15:00.000+02:00,2026-08-28T15:15:00Z,8556.5,8741
2026-08-28T17:30:00.000+02:00,2026-08-28T15:30:00Z,8613.7,8741
2026-08-28T17:45:00.000+02:00,2026-08-28T15:45:00Z,8697.3,8741
2026-08-28T18:00:00.000+02:00,2026-08-28T16:00:00Z,8639.0,8741
2026-08-28T18:15:00.000+02:00,2026-08-28T16:15:00Z,8562.4,8741
2026-08-28T18:30:00.000+02:00,2026-08-28T16:30:00Z,8264.5,8741
2026-08-28T18:45:00.000+02:00,2026-08-28T16:45:00Z,7674.1,8741
2026-08-28T19:00:00.000+02:00,2026-08-28T17:00:00Z,6892.5,8741
2026-08-28T19:15:00.000+02:00,2026-08-28T17:15:00Z,6446.7,8741
2026-08-28T19:30:00.000+02:00,2026-08-28T17:30:00Z,6074.9,8741
2026-08-28T19:45:00.000+02:00,2026-08-28T17:45:00Z,5544.4,8741
2026-08-28T20:00:00.000+02:00,2026-08-28T18:00:00Z,5632.4,8741
2026-08-28T20:15:00.000+02:00,2026-08-28T18:15:00Z,5542.2,8741
2026-08-28T20:30:00.000+02:00,2026-08-28T18:30:00Z,5526.6,8741
2026-08-28T20:45:00.000+02:00,2026-08-28T18:45:00Z,5370.0,8741
2026-08-28T21:00:00.000+02:00,2026-08-28T19:00:00Z,5385.5,8741
2026-08-28T21:15:00.000+02:00,2026-08-28T19:15:00Z,5429.8,8741
2026-08-28T21:30:00.000+02:00,2026-08-28T19:30:00Z,5377.4,8741
2026-08-28T21:45:00.000+02:00,2026-08-28T19:45:00Z,5249.9,8741
2026-08-28T22:00:00.000+02:00,2026-08-28T20:00:00Z,5090.4,8741
2026-08-28T22:15:00.000+02:00,2026-08-28T20:15:00Z,5065.1,8741
2026-08-28T22:30:00.000+02:00,2026-08-28T20:30:00Z,5042.5,8741
2026-08-28T22:45:00.000+02:00,2026-08-28T20:45:00Z,4997.1,8741
2026-08-28T23:00:00.000+02:00,2026-08-28T21:00:00Z,4896.2,8741
2026-08-28T23:15:00.000+02:00,2026-08-28T21:15:00Z,4881.4,8741
2026-08-28T23:30:00.000+02:00,2026-08-28T21:30:00Z,4870.4,8741
2026-08-29T00:00:00.000+02:00,2026-08-28T22:00:00Z,4885.9,8741
2026-08-29T00:15:00.000+02:00,2026-08-28T22:15:00Z,4843.0,8741
2026-08-29T00:30:00.000+02:00,2026-08-28T22:30:00Z,4742.7,8741
2026-08-29T00:45:00.000+02:00,2026-08-28T22:45:00Z,4467.5,8741
2026-08-29T01:00:00.000+02:00,2026-08-28T23:00:00Z,4421.9,8741
2026-08-29T01:15:00.000+02:00,2026-08-28T23:15:00Z,4371.1,8741
2026-08-29T01:30:00.000+02:00,2026-08-28T23:30:00Z,4322.5,8741
2026-08-29T01:45:00.000+02:00,2026-08-28T23:45:00Z,4243.2,8741
2026-08-29T02:00:00.000+02:00,2026-08-29T00:00:00Z,4119.3,8741
2026-08-29T02:15:00.000+02:00,2026-08-29T00:15:00Z,4104.5,8741
2026-08-29T02:30:00.000+02:00,2026-08-29T00:30:00Z,4082.6,8741
2026-08-29T02:45:00.000+02:00,2026-08-29T00:45:00Z,4080.1,8741
2026-08-29T03:00:00.000+02:00,2026-08-29T01:00:00Z,4036.2,8741
2026-08-29T03:15:00.000+02:00,2026-08-29T01:15:00Z,3986.2,8741
2026-08-29T03:30:00.000+02:00,2026-08-29T01:30:00Z,3961.2,8741
2026-08-29T03:45:00.000+02:00,2026-08-29T01:45:00Z,3926.9,8741
2026-08-29T04:00:00.000+02:00,2026-08-29T02:00:00Z,3917.2,8741
2026-08-29T04:15:00.000+02:00,2026-08-29T02:15:00Z,3920.7,8741
2026-08-29T04:30:00.000+02:00,2026-08-29T02:30:00Z,3917.3,8741
2026-08-29T04:45:00.000+02:00,2026-08-29T02:45:00Z,3922.7,8741
2026-08-29T05:00:00.000+02:00,2026-08-29T03:00:00Z,3896.1,8741
2026-08-29T05:15:00.000+02:00,2026-08-29T03:15:00Z,3894.0,8741
2026-08-29T05:30:00.000+02:00,2026-08-29T03:30:00Z,3869.8,8741
2026-08-29T05:45:00.000+02:00,2026-08-29T03:45:00Z,3871.2,8741
2026-08-29T06:00:00.000+02:00,2026-08-29T04:00:00Z,3902.4,8741
2026-08-29T06:15:00.000+02:00,2026-08-29T04:15:00Z,3936.4,8741
2026-08-29T06:30:00.000+02:00,2026-08-29T04:30:00Z,3930.9,8741
2026-08-29T06:45:00.000+02:00,2026-08-29T04:45:00Z,3926.1,8741
2026-08-29T07:00:00.000+02:00,2026-08-29T05:00:00Z,3919.3,8741
2026-08-29T07:15:00.000+02:00,2026-08-29T05:15:00Z,3933.4,8741
2026-08-29T07:30:00.000+02:00,2026-08-29T05:30:00Z,3965.9,8741
2026-08-29T07:45:00.000+02:00,2026-08-29T05:45:00Z,4091.9,8741
2026-08-29T08:00:00.000+02:00,2026-08-29T06:00:00Z,4324.2,8741
2026-08-29T08:15:00.000+02:00,2026-08-29T06:15:00Z,4755.9,8741
2026-08-29T08:30:00.000+02:00,2026-08-29T06:30:00Z,5190.2,8741
2026-08-29T08:45:00.000+02:00,2026-08-29T06:45:00Z,5674.5,8741
2026-08-29T09:00:00.000+02:00,2026-08-29T07:00:00Z,6201.3,8741
2026-08-29T09:15:00.000+02:00,2026-08-29T07:15:00Z,6900.7,8741
2026-08-29T09:30:00.000+02:00,2026-08-29T07:30:00Z,7060.9,8741
2026-08-29T09:45:00.000+02:00,2026-08-29T07:45:00Z,7221.8,8741
2026-08-29T10:00:00.000+02:00,2026-08-29T08:00:00Z,7365.8,8741
2026-08-29T10:15:00.000+02:00,2026-08-29T08:15:00Z,7355.1,8741
2026-08-29T10:30:00.000+02:00,2026-08-29T08:30:00Z,7233.2,8741
2026-08-29T10:45:00.000+02:00,2026-08-29T08:45:00Z,7176.7,8741
2026-08-29T11:00:00.000+02:00,2026-08-29T09:00:00Z,7506.3,8741
2026-08-29T11:15:00.000+02:00,2026-08-29T09:15:00Z,7553.8,8741
2026-08-29T11:30:00.000+02:00,2026-08-29T09:30:00Z,7532.0,8741
2026-08-29T11:45:00.000+02:00,2026-08-29T09:45:00Z,7520.3,8741
2026-08-29T12:00:00.000+02:00,2026-08-29T10:00:00Z,7449.3,8741
2026-08-29T12:15:00.000+02:00,2026-08-29T10:15:00Z,7444.0,8741
2026-08-29T12:30:00.000+02:00,2026-08-29T10:30:00Z,7464.8,8741
2026-08-29T12:45:00.000+02:00,2026-08-29T10:45:00Z,7509.4,8741
2026-08-29T13:00:00.000+02:00,2026-08-29T11:00:00Z,7562.0,8741
2026-08-29T13:15:00.000+02:00,2026-08-29T11:15:00Z,7592.0,8741
2026-08-29T13:30:00.000+02:00,2026-08-29T11:30:00Z,7534.6,8741
2026-08-29T13:45:00.000+02:00,2026-08-29T11:45:00Z,7523.3,8741
2026-08-29T14:00:00.000+02:00,2026-08-29T12:00:00Z,7507.7,8741
2026-08-29T14:15:00.000+02:00,2026-08-29T12:15:00Z,7508.4,8741
2026-08-29T14:30:00.000+02:00,2026-08-29T12:30:00Z,7478.3,8741
2026-08-29T14:45:00.000+02:00,2026-08-29T12:45:00Z,7415.8,8741
2026-08-29T15:00:00.000+02:00,2026-08-29T13:00:00Z,7328.5,8741
2026-08-29T15:15:00.000+02:00,2026-08-29T13:15:00Z,7296.1,8741
2026-08-29T15:30:00.000+02:00,2026-08-29T13:30:00Z,7263.5,8741
2026-08-29T15:45:00.000+02:00,2026-08-29T13:45:00Z,7260.4,8741
2026-08-29T16:00:00.000+02:00,2026-08-29T14:00:00Z,7278.1,8741
2026-08-29T16:15:00.000+02:00,2026-08-29T14:15:00Z,7279.0,8741
2026-08-29T16:30:00.000+02:00,2026-08-29T14:30:00Z,7295.8,8741
2026-08-29T16:45:00.000+02:00,2026-08-29T14:45:00Z,7334.3,8741
2026-08-29T17:00:00.000+02:00,2026-08-29T15:00:00Z,7285.7,8741
2026-08-29T17:15:00.000+02:00,2026-08-29T15:15:00Z,7217.9,8741
2026-08-29T17:30:00.000+02:00,2026-08-29T15:30:00Z,7224.0,8741
2026-08-29T17:45:00.000+02:00,2026-08-29T15:45:00Z,7249.4,8741
2026-08-29T18:00:00.000+02:00,2026-08-29T16:00:00Z,7333.9,8741
2026-08-29T18:15:00.000+02:00,2026-08-29T16:15:00Z,7305.7,8741
2026-08-29T18:30:00.000+02:00,2026-08-29T16:30:00Z,7400.1,8741
2026-08-29T18:45:00.000+02:00,2026-08-29T16:45:00Z,7218.8,8741
2026-08-29T19:00:00.000+02:00,2026-08-29T17:00:00Z,6218.7,8741
2026-08-29T19:15:00.000+02:00,2026-08-29T17:15:00Z,5942.1,8741
2026-08-29T19:30:00.000+02:00,2026-08-29T17:30:00Z,5782.7,8741
2026-08-29T19:45:00.000+02:00,2026-08-29T17:45:00Z,5527.4,8741
2026-08-29T20:00:00.000+02:00,2026-08-29T18:00:00Z,5523.7,8741
2026-08-29T20:15:00.000+02:00,2026-08-29T18:15:00Z,5217.7,8741
2026-08-29T20:30:00.000+02:00,2026-08-29T18:30:00Z,5086.4,8741
2026-08-29T20:45:00.000+02:00,2026-08-29T18:45:00Z,5105.4,8741
2026-08-29T21:00:00.000+02:00,2026-08-29T19:00:00Z,5095.7,8741
2026-08-29T21:15:00.000+02:00,2026-08-29T19:15:00Z,5127.3,8741
2026-08-29T21:30:00.000+02:00,2026-08-29T19:30:00Z,5088.7,8741
2026-08-29T21:45:00.000+02:00,2026-08-29T19:45:00Z,4991.0,8741
2026-08-29T22:00:00.000+02:00,2026-08-29T20:00:00Z,4871.6,8741
2026-08-29T22:15:00.000+02:00,2026-08-29T20:15:00Z,4746.9,8741
2026-08-29T22:30:00.000+02:00,2026-08-29T20:30:00Z,4662.4,8741
2026-08-29T22:45:00.000+02:00,2026-08-29T20:45:00Z,4619.6,8741
2026-08-29T23:00:00.000+02:00,2026-08-29T21:00:00Z,4569.1,8741
2026-08-29T23:15:00.000+02:00,2026-08-29T21:15:00Z,4546.7,8741
2026-08-29T23:30:00.000+02:00,2026-08-29T21:30:00Z,4532.3,8741
2026-08-30T00:00:00.000+02:00,2026-08-29T22:00:00Z,4731.2,8741
2026-08-30T00:15:00.000+02:00,2026-08-29T22:15:00Z,4687.6,8741
2026-08-30T00:30:00.000+02:00,2026-08-29T22:30:00Z,4346.0,8741
2026-08-30T00:45:00.000+02:00,2026-08-29T22:45:00Z,4260.4,8741
2026-08-30T01:00:00.000+02:00,2026-08-29T23:00:00Z,4196.6,8741
2026-08-30T01:15:00.000+02:00,2026-08-29T23:15:00Z,4166.7,8741
2026-08-30T01:30:00.000+02:00,2026-08-29T23:30:00Z,4136.6,8741
2026-08-30T01:45:00.000+02:00,2026-08-29T23:45:00Z,4073.3,8741
2026-08-30T02:00:00.000+02:00,2026-08-30T00:00:00Z,3990.2,8741
2026-08-30T02:15:00.000+02:00,2026-08-30T00:15:00Z,3964.8,8741
2026-08-30T02:30:00.000+02:00,2026-08-30T00:30:00Z,3923.8,8741
2026-08-30T02:45:00.000+02:00,2026-08-30T00:45:00Z,3912.4,8741
2026-08-30T03:00:00.000+02:00,2026-08-30T01:00:00Z,3888.4,8741
2026-08-30T03:15:00.000+02:00,2026-08-30T01:15:00Z,3882.6,8741
2026-08-30T03:30:00.000+02:00,2026-08-30T01:30:00Z,3877.7,8741
2026-08-30T03:45:00.000+02:00,2026-08-30T01:45:00Z,3860.7,8741
2026-08-30T04:00:00.000+02:00,2026-08-30T02:00:00Z,3891.8,8741
2026-08-30T04:15:00.000+02:00,2026-08-30T02:15:00Z,3881.7,8741
2026-08-30T04:30:00.000+02:00,2026-08-30T02:30:00Z,3879.4,8741
2026-08-30T04:45:00.000+02:00,2026-08-30T02:45:00Z,3872.6,8741
2026-08-30T05:00:00.000+02:00,2026-08-30T03:00:00Z,3864.1,8741
2026-08-30T05:15:00.000+02:00,2026-08-30T03:15:00Z,3850.5,8741
2026-08-30T05:30:00.000+02:00,2026-08-30T03:30:00Z,3833.9,8741
2026-08-30T05:45:00.000+02:00,2026-08-30T03:45:00Z,3811.9,8741
2026-08-30T06:00:00.000+02:00,2026-08-30T04:00:00Z,3822.8,8741
2026-08-30T06:15:00.000+02:00,2026-08-30T04:15:00Z,3826.8,8741
2026-08-30T06:30:00.000+02:00,2026-08-30T04:30:00Z,3815.5,8741
2026-08-30T06:45:00.000+02:00,2026-08-30T04:45:00Z,3812.0,8741
2026-08-30T07:00:00.000+02:00,2026-08-30T05:00:00Z,3796.2,8741
2026-08-30T07:15:00.000+02:00,2026-08-30T05:15:00Z,3820.7,8741
2026-08-30T07:30:00.000+02:00,2026-08-30T05:30:00Z,3868.5,8741
2026-08-30T07:45:00.000+02:00,2026-08-30T05:45:00Z,3818.2,8741
2026-08-30T08:00:00.000+02:00,2026-08-30T06:00:00Z,4021.6,8741
2026-08-30T08:15:00.000+02:00,2026-08-30T06:15:00Z,4427.1,8741
2026-08-30T08:30:00.000+02:00,2026-08-30T06:30:00Z,4783.1,8741
2026-08-30T08:45:00.000+02:00,2026-08-30T06:45:00Z,5369.7,8741
2026-08-30T09:00:00.000+02:00,2026-08-30T07:00:00Z,6024.2,8741
2026-08-30T09:15:00.000+02:00,2026-08-30T07:15:00Z,6330.5,8741
2026-08-30T09:30:00.000+02:00,2026-08-30T07:30:00Z,6169.1,8741
2026-08-30T09:45:00.000+02:00,2026-08-30T07:45:00Z,6455.5,8741
2026-08-30T10:00:00.000+02:00,2026-08-30T08:00:00Z,6503.1,8741
2026-08-30T10:15:00.000+02:00,2026-08-30T08:15:00Z,6506.4,8741
2026-08-30T10:30:00.000+02:00,2026-08-30T08:30:00Z,6579.7,8741
2026-08-30T10:45:00.000+02:00,2026-08-30T08:45:00Z,6754.4,8741
2026-08-30T11:00:00.000+02:00,2026-08-30T09:00:00Z,7085.6,8741
2026-08-30T11:15:00.000+02:00,2026-08-30T09:15:00Z,7105.1,8741
2026-08-30T11:30:00.000+02:00,2026-08-30T09:30:00Z,7093.6,8741
2026-08-30T11:45:00.000+02:00,2026-08-30T09:45:00Z,7094.6,8741
2026-08-30T12:00:00.000+02:00,2026-08-30T10:00:00Z,7128.8,8741
2026-08-30T12:15:00.000+02:00,2026-08-30T10:15:00Z,7145.2,8741
2026-08-30T12:30:00.000+02:00,2026-08-30T10:30:00Z,7144.9,8741
2026-08-30T12:45:00.000+02:00,2026-08-30T10:45:00Z,7230.2,8741
2026-08-30T13:00:00.000+02:00,2026-08-30T11:00:00Z,7020.8,8741
2026-08-30T13:15:00.000+02:00,2026-08-30T11:15:00Z,6886.2,8741
2026-08-30T13:30:00.000+02:00,2026-08-30T11:30:00Z,6773.9,8741
2026-08-30T13:45:00.000+02:00,2026-08-30T11:45:00Z,6779.2,8741
2026-08-30T14:00:00.000+02:00,2026-08-30T12:00:00Z,7040.3,8741
2026-08-30T14:15:00.000+02:00,2026-08-30T12:15:00Z,7054.4,8741
2026-08-30T14:30:00.000+02:00,2026-08-30T12:30:00Z,7054.7,8741
2026-08-30T14:45:00.000+02:00,2026-08-30T12:45:00Z,7052.5,8741
2026-08-30T15:00:00.000+02:00,2026-08-30T13:00:00Z,7201.8,8741
2026-08-30T15:15:00.000+02:00,2026-08-30T13:15:00Z,7198.0,8741
2026-08-30T15:30:00.000+02:00,2026-08-30T13:30:00Z,7177.9,8741
2026-08-30T15:45:00.000+02:00,2026-08-30T13:45:00Z,7167.0,8741
2026-08-30T16:00:00.000+02:00,2026-08-30T14:00:00Z,7155.9,8741
2026-08-30T16:15:00.000+02:00,2026-08-30T14:15:00Z,7165.0,8741
2026-08-30T16:30:00.000+02:00,2026-08-30T14:30:00Z,7178.1,8741
2026-08-30T16:45:00.000+02:00,2026-08-30T14:45:00Z,7219.2,8741
2026-08-30T17:00:00.000+02:00,2026-08-30T15:00:00Z,7227.0,8741
2026-08-30T17:15:00.000+02:00,2026-08-30T15:15:00Z,7292.0,8741
2026-08-30T17:30:00.000+02:00,2026-08-30T15:30:00Z,7383.3,8741
2026-08-30T17:45:00.000+02:00,2026-08-30T15:45:00Z,7493.4,8741
2026-08-30T18:00:00.000+02:00,2026-08-30T16:00:00Z,7494.1,8741
2026-08-30T18:15:00.000+02:00,2026-08-30T16:15:00Z,7565.1,8741
2026-08-30T18:30:00.000+02:00,2026-08-30T16:30:00Z,7685.3,8741
2026-08-30T18:45:00.000+02:00,2026-08-30T16:45:00Z,7609.6,8741
2026-08-30T19:00:00.000+02:00,2026-08-30T17:00:00Z,6832.7,8741
2026-08-30T19:15:00.000+02:00,2026-08-30T17:15:00Z,6064.4,8741
2026-08-30T19:30:00.000+02:00,2026-08-30T17:30:00Z,5632.4,8741
2026-08-30T19:45:00.000+02:00,2026-08-30T17:45:00Z,5451.9,8741
2026-08-30T20:00:00.000+02:00,2026-08-30T18:00:00Z,5093.9,8741
2026-08-30T20:15:00.000+02:00,2026-08-30T18:15:00Z,4990.2,8741
2026-08-30T20:30:00.000+02:00,2026-08-30T18:30:00Z,5026.3,8741
2026-08-30T20:45:00.000+02:00,2026-08-30T18:45:00Z,5041.0,8741
2026-08-30T21:00:00.000+02:00,2026-08-30T19:00:00Z,5130.2,8741
2026-08-30T21:15:00.000+02:00,2026-08-30T19:15:00Z,5258.8,8741
2026-08-30T21:30:00.000+02:00,2026-08-30T19:30:00Z,5224.6,8741
2026-08-30T21:45:00.000+02:00,2026-08-30T19:45:00Z,5203.3,8741
2026-08-30T22:00:00.000+02:00,2026-08-30T20:00:00Z,5152.2,8741
2026-08-30T22:15:00.000+02:00,2026-08-30T20:15:00Z,5106.7,8741
2026-08-30T22:30:00.000+02:00,2026-08-30T20:30:00Z,5061.7,8741
2026-08-30T22:45:00.000+02:00,2026-08-30T20:45:00Z,5017.2,8741
2026-08-30T23:00:00.000+02:00,2026-08-30T21:00:00Z,4991.9,8741
2026-08-30T23:15:00.000+02:00,2026-08-30T21:15:00Z,4900.6,8741
2026-08-30T23:30:00.000+02:00,2026-08-30T21:30:00Z,4859.1,8741
2026-08-31T00:00:00.000+02:00,2026-08-30T22:00:00Z,4792.0,8741
2026-08-31T00:15:00.000+02:00,2026-08-30T22:15:00Z,4915.5,8741
2026-08-31T00:30:00.000+02:00,2026-08-30T22:30:00Z,4631.3,8741
2026-08-31T00:45:00.000+02:00,2026-08-30T22:45:00Z,4608.8,8741
2026-08-31T01:00:00.000+02:00,2026-08-30T23:00:00Z,4568.3,8741
2026-08-31T01:15:00.000+02:00,2026-08-30T23:15:00Z,4560.8,8741
2026-08-31T01:30:00.000+02:00,2026-08-30T23:30:00Z,4537.2,8741
2026-08-31T01:45:00.000+02:00,2026-08-30T23:45:00Z,4527.0,8741
2026-08-31T02:00:00.000+02:00,2026-08-31T00:00:00Z,4478.6,8741
2026-08-31T02:15:00.000+02:00,2026-08-31T00:15:00Z,4449.8,8741
2026-08-31T02:30:00.000+02:00,2026-08-31T00:30:00Z,4427.6,8741
2026-08-31T02:45:00.000+02:00,2026-08-31T00:45:00Z,4386.3,8741
2026-08-31T03:00:00.000+02:00,2026-08-31T01:00:00Z,4382.0,8741
2026-08-31T03:15:00.000+02:00,2026-08-31T01:15:00Z,4366.8,8741
2026-08-31T03:30:00.000+02:00,2026-08-31T01:30:00Z,4351.5,8741
2026-08-31T03:45:00.000+02:00,2026-08-31T01:45:00Z,4336.9,8741
2026-08-31T04:00:00.000+02:00,2026-08-31T02:00:00Z,4308.7,8741
2026-08-31T04:15:00.000+02:00,2026-08-31T02:15:00Z,4285.6,8741
2026-08-31T04:30:00.000+02:00,2026-08-31T02:30:00Z,4262.1,8741
2026-08-31T04:45:00.000+02:00,2026-08-31T02:45:00Z,4232.9,8741
2026-08-31T05:00:00.000+02:00,2026-08-31T03:00:00Z,4223.4,8741
2026-08-31T05:15:00.000+02:00,2026-08-31T03:15:00Z,4203.1,8741
2026-08-31T05:30:00.000+02:00,2026-08-31T03:30:00Z,4201.0,8741
2026-08-31T05:45:00.000+02:00,2026-08-31T03:45:00Z,4171.2,8741
2026-08-31T06:00:00.000+02:00,2026-08-31T04:00:00Z,4214.2,8741
2026-08-31T06:15:00.000+02:00,2026-08-31T04:15:00Z,4233.2,8741
2026-08-31T06:30:00.000+02:00,2026-08-31T04:30:00Z,4280.5,8741
2026-08-31T06:45:00.000+02:00,2026-08-31T04:45:00Z,4240.0,8741
2026-08-31T07:00:00.000+02:00,2026-08-31T05:00:00Z,4515.0,8741
2026-08-31T07:15:00.000+02:00,2026-08-31T05:15:00Z,4590.1,8741
2026-08-31T07:30:00.000+02:00,2026-08-31T05:30:00Z,4663.7,8741
2026-08-31T07:45:00.000+02:00,2026-08-31T05:45:00Z,4742.3,8741
2026-08-31T08:00:00.000+02:00,2026-08-31T06:00:00Z,5116.0,8741
2026-08-31T08:15:00.000+02:00,2026-08-31T06:15:00Z,5210.0,8741
2026-08-31T08:30:00.000+02:00,2026-08-31T06:30:00Z,5550.7,8741
2026-08-31T08:45:00.000+02:00,2026-08-31T06:45:00Z,6014.4,8741
2026-08-31T09:00:00.000+02:00,2026-08-31T07:00:00Z,5918.0,8741
2026-08-31T09:15:00.000+02:00,2026-08-31T07:15:00Z,6491.5,8741
2026-08-31T09:30:00.000+02:00,2026-08-31T07:30:00Z,6994.7,8741
2026-08-31T09:45:00.000+02:00,2026-08-31T07:45:00Z,7931.1,8741
2026-08-31T10:00:00.000+02:00,2026-08-31T08:00:00Z,8297.7,8741
2026-08-31T10:15:00.000+02:00,2026-08-31T08:15:00Z,8485.6,8741
2026-08-31T10:30:00.000+02:00,2026-08-31T08:30:00Z,8572.1,8741
2026-08-31T10:45:00.000+02:00,2026-08-31T08:45:00Z,8676.1,8741
2026-08-31T11:00:00.000+02:00,2026-08-31T09:00:00Z,8685.0,8741
2026-08-31T11:15:00.000+02:00,2026-08-31T09:15:00Z,8649.1,8741
2026-08-31T11:30:00.000+02:00,2026-08-31T09:30:00Z,8661.6,8741
2026-08-31T11:45:00.000+02:00,2026-08-31T09:45:00Z,8666.6,8741
2026-08-31T12:00:00.000+02:00,2026-08-31T10:00:00Z,8738.3,8741
2026-08-31T12:15:00.000+02:00,2026-08-31T10:15:00Z,8742.9,8741
2026-08-31T12:30:00.000+02:00,2026-08-31T10:30:00Z,8774.4,8741
2026-08-31T12:45:00.000+02:00,2026-08-31T10:45:00Z,8830.5,8741
2026-08-31T13:00:00.000+02:00,2026-08-31T11:00:00Z,8900.1,8741
2026-08-31T13:15:00.000+02:00,2026-08-31T11:15:00Z,8951.0,8741
2026-08-31T13:30:00.000+02:00,2026-08-31T11:30:00Z,8956.6,8741
2026-08-31T13:45:00.000+02:00,2026-08-31T11:45:00Z,8937.9,8741
2026-08-31T14:00:00.000+02:00,2026-08-31T12:00:00Z,8913.9,8741
2026-08-31T14:15:00.000+02:00,2026-08-31T12:15:00Z,8917.5,8741
2026-08-31T14:30:00.000+02:00,2026-08-31T12:30:00Z,8898.2,8741
2026-08-31T14:45:00.000+02:00,2026-08-31T12:45:00Z,8891.5,8741
2026-08-31T15:00:00.000+02:00,2026-08-31T13:00:00Z,8820.8,8741
2026-08-31T15:15:00.000+02:00,2026-08-31T13:15:00Z,8791.3,8741
2026-08-31T15:30:00.000+02:00,2026-08-31T13:30:00Z,8776.6,8741
2026-08-31T15:45:00.000+02:00,2026-08-31T13:45:00Z,8798.4,8741
2026-08-31T16:00:00.000+02:00,2026-08-31T14:00:00Z,8790.2,8741
2026-08-31T16:15:00.000+02:00,2026-08-31T14:15:00Z,8781.7,8741
2026-08-31T16:30:00.000+02:00,2026-08-31T14:30:00Z,8804.3,8741
2026-08-31T16:45:00.000+02:00,2026-08-31T14:45:00Z,8807.4,8741
2026-08-31T17:00:00.000+02:00,2026-08-31T15:00:00Z,8636.0,8741
2026-08-31T17:15:00.000+02:00,2026-08-31T15:15:00Z,8622.6,8741
2026-08-31T17:30:00.000+02:00,2026-08-31T15:30:00Z,8697.9,8741
2026-08-31T17:45:00.000+02:00,2026-08-31T15:45:00Z,8690.5,8741
2026-08-31T18:00:00.000+02:00,2026-08-31T16:00:00Z,8185.4,8741
2026-08-31T18:15:00.000+02:00,2026-08-31T16:15:00Z,7548.7,8741
2026-08-31T18:30:00.000+02:00,2026-08-31T16:30:00Z,7258.4,8741
2026-08-31T18:45:00.000+02:00,2026-08-31T16:45:00Z,7087.3,8741
2026-08-31T19:00:00.000+02:00,2026-08-31T17:00:00Z,6901.4,8741
2026-08-31T19:15:00.000+02:00,2026-08-31T17:15:00Z,6480.3,8741
2026-08-31T19:30:00.000+02:00,2026-08-31T17:30:00Z,6036.0,8741
2026-08-31T19:45:00.000+02:00,2026-08-31T17:45:00Z,5807.4,8741
2026-08-31T20:00:00.000+02:00,2026-08-31T18:00:00Z,5755.3,8741
2026-08-31T20:15:00.000+02:00,2026-08-31T18:15:00Z,5816.6,8741
2026-08-31T20:30:00.000+02:00,2026-08-31T18:30:00Z,5852.9,8741
2026-08-31T20:45:00.000+02:00,2026-08-31T18:45:00Z,5944.6,8741
2026-08-31T21:00:00.000+02:00,2026-08-31T19:00:00Z,5867.1,8741
2026-08-31T21:15:00.000+02:00,2026-08-31T19:15:00Z,5903.3,8741
2026-08-31T21:30:00.000+02:00,2026-08-31T19:30:00Z,5833.8,8741
2026-08-31T21:45:00.000+02:00,2026-08-31T19:45:00Z,5682.5,8741
2026-08-31T22:00:00.000+02:00,2026-08-31T20:00:00Z,5680.3,8741
2026-08-31T22:15:00.000+02:00,2026-08-31T20:15:00Z,5641.5,8741
2026-08-31T22:30:00.000+02:00,2026-08-31T20:30:00Z,5478.6,8741
2026-08-31T22:45:00.000+02:00,2026-08-31T20:45:00Z,5308.5,8741
2026-08-31T23:00:00.000+02:00,2026-08-31T21:00:00Z,5272.7,8741
2026-08-31T23:15:00.000+02:00,2026-08-31T21:15:00Z,5249.9,8741
2026-08-31T23:30:00.000+02:00,2026-08-31T21:30:00Z,5201.1,8741
2026-09-01T00:00:00.000+02:00,2026-08-31T22:00:00Z,5125.8,8741
2026-09-01T00:15:00.000+02:00,2026-08-31T22:15:00Z,5208.8,8741
2026-09-01T00:30:00.000+02:00,2026-08-31T22:30:00Z,5255.9,8741
2026-09-01T00:45:00.000+02:00,2026-08-31T22:45:00Z,5195.9,8741
2026-09-01T01:00:00.000+02:00,2026-08-31T23:00:00Z,4890.3,8741
2026-09-01T01:15:00.000+02:00,2026-08-31T23:15:00Z,4849.5,8741
2026-09-01T01:30:00.000+02:00,2026-08-31T23:30:00Z,4789.3,8741
2026-09-01T01:45:00.000+02:00,2026-08-31T23:45:00Z,4740.3,8741
2026-09-01T02:00:00.000+02:00,2026-09-01T00:00:00Z,4683.5,8741
2026-09-01T02:15:00.000+02:00,2026-09-01T00:15:00Z,4648.9,8741
2026-09-01T02:30:00.000+02:00,2026-09-01T00:30:00Z,4611.5,8741
2026-09-01T02:45:00.000+02:00,2026-09-01T00:45:00Z,4576.8,8741
2026-09-01T03:00:00.000+02:00,2026-09-01T01:00:00Z,4542.5,8741
2026-09-01T03:15:00.000+02:00,2026-09-01T01:15:00Z,4383.6,8741
2026-09-01T03:30:00.000+02:00,2026-09-01T01:30:00Z,4358.9,8741
2026-09-01T03:45:00.000+02:00,2026-09-01T01:45:00Z,4345.0,8741
2026-09-01T04:00:00.000+02:00,2026-09-01T02:00:00Z,4326.0,8741
2026-09-01T04:15:00.000+02:00,2026-09-01T02:15:00Z,4306.6,8741
2026-09-01T04:30:00.000+02:00,2026-09-01T02:30:00Z,4318.2,8741
2026-09-01T04:45:00.000+02:00,2026-09-01T02:45:00Z,4293.5,8741
2026-09-01T05:00:00.000+02:00,2026-09-01T03:00:00Z,4257.2,8741
2026-09-01T05:15:00.000+02:00,2026-09-01T03:15:00Z,4266.8,8741
2026-09-01T05:30:00.000+02:00,2026-09-01T03:30:00Z,4283.8,8741
2026-09-01T05:45:00.000+02:00,2026-09-01T03:45:00Z,4265.2,8741
2026-09-01T06:00:00.000+02:00,2026-09-01T04:00:00Z,4302.7,8741
2026-09-01T06:15:00.000+02:00,2026-09-01T04:15:00Z,4383.4,8741
2026-09-01T06:30:00.000+02:00,2026-09-01T04:30:00Z,4386.4,8741
2026-09-01T06:45:00.000+02:00,2026-09-01T04:45:00Z,4440.3,8741
2026-09-01T07:00:00.000+02:00,2026-09-01T05:00:00Z,4553.3,8741
2026-09-01T07:15:00.000+02:00,2026-09-01T05:15:00Z,4677.3,8741
2026-09-01T07:30:00.000+02:00,2026-09-01T05:30:00Z,4794.8,8741
2026-09-01T07:45:00.000+02:00,2026-09-01T05:45:00Z,4892.2,8741
2026-09-01T08:00:00.000+02:00,2026-09-01T06:00:00Z,5048.8,8741
2026-09-01T08:15:00.000+02:00,2026-09-01T06:15:00Z,5151.6,8741
2026-09-01T08:30:00.000+02:00,2026-09-01T06:30:00Z,5207.2,8741
2026-09-01T08:45:00.000+02:00,2026-09-01T06:45:00Z,5789.6,8741
2026-09-01T09:00:00.000+02:00,2026-09-01T07:00:00Z,5336.0,8741
2026-09-01T09:15:00.000+02:00,2026-09-01T07:15:00Z,5800.2,8741
2026-09-01T09:30:00.000+02:00,2026-09-01T07:30:00Z,6265.9,8741
2026-09-01T09:45:00.000+02:00,2026-09-01T07:45:00Z,6606.2,8741
2026-09-01T10:00:00.000+02:00,2026-09-01T08:00:00Z,6975.9,8741
2026-09-01T10:15:00.000+02:00,2026-09-01T08:15:00Z,7318.7,8741
2026-09-01T10:30:00.000+02:00,2026-09-01T08:30:00Z,7512.2,8741
2026-09-01T10:45:00.000+02:00,2026-09-01T08:45:00Z,7887.4,8741
2026-09-01T11:00:00.000+02:00,2026-09-01T09:00:00Z,7912.4,8741
2026-09-01T11:15:00.000+02:00,2026-09-01T09:15:00Z,8107.3,8741
2026-09-01T11:30:00.000+02:00,2026-09-01T09:30:00Z,8204.8,8741
2026-09-01T11:45:00.000+02:00,2026-09-01T09:45:00Z,8302.4,8741
2026-09-01T12:00:00.000+02:00,2026-09-01T10:00:00Z,8690.0,8741
2026-09-01T12:15:00.000+02:00,2026-09-01T10:15:00Z,8777.6,8741
2026-09-01T12:30:00.000+02:00,2026-09-01T10:30:00Z,8862.6,8741
2026-09-01T12:45:00.000+02:00,2026-09-01T10:45:00Z,8905.3,8741
2026-09-01T13:00:00.000+02:00,2026-09-01T11:00:00Z,8968.0,8741
2026-09-01T13:15:00.000+02:00,2026-09-01T11:15:00Z,9004.9,8741
2026-09-01T13:30:00.000+02:00,2026-09-01T11:30:00Z,9036.2,8741
2026-09-01T13:45:00.000+02:00,2026-09-01T11:45:00Z,9057.7,8741
2026-09-01T14:00:00.000+02:00,2026-09-01T12:00:00Z,9065.5,8741
2026-09-01T14:15:00.000+02:00,2026-09-01T12:15:00Z,9079.0,8741
2026-09-01T14:30:00.000+02:00,2026-09-01T12:30:00Z,9079.3,8741
2026-09-01T14:45:00.000+02:00,2026-09-01T12:45:00Z,9076.2,8741
2026-09-01T15:00:00.000+02:00,2026-09-01T13:00:00Z,9100.6,8741
2026-09-01T15:15:00.000+02:00,2026-09-01T13:15:00Z,9102.2,8741
2026-09-01T15:30:00.000+02:00,2026-09-01T13:30:00Z,9096.9,8741
2026-09-01T15:45:00.000+02:00,2026-09-01T13:45:00Z,9069.9,8741
2026-09-01T16:00:00.000+02:00,2026-09-01T14:00:00Z,9035.4,8741
2026-09-01T16:15:00.000+02:00,2026-09-01T14:15:00Z,8995.3,8741
2026-09-01T16:30:00.000+02:00,2026-09-01T14:30:00Z,8941.5,8741
2026-09-01T16:45:00.000+02:00,2026-09-01T14:45:00Z,8863.5,8741
2026-09-01T17:00:00.000+02:00,2026-09-01T15:00:00Z,8794.5,8741
2026-09-01T17:15:00.000+02:00,2026-09-01T15:15:00Z,8598.1,8741
2026-09-01T17:30:00.000+02:00,2026-09-01T15:30:00Z,8488.5,8741
2026-09-01T17:45:00.000+02:00,2026-09-01T15:45:00Z,8120.5,8741
2026-09-01T18:00:00.000+02:00,2026-09-01T16:00:00Z,7524.9,8741
2026-09-01T18:15:00.000+02:00,2026-09-01T16:15:00Z,7339.7,8741
2026-09-01T18:30:00.000+02:00,2026-09-01T16:30:00Z,7081.1,8741
2026-09-01T18:45:00.000+02:00,2026-09-01T16:45:00Z,6813.3,8741
2026-09-01T19:00:00.000+02:00,2026-09-01T17:00:00Z,6754.7,8741
2026-09-01T19:15:00.000+02:00,2026-09-01T17:15:00Z,6498.4,8741
2026-09-01T19:30:00.000+02:00,2026-09-01T17:30:00Z,6280.7,8741
2026-09-01T19:45:00.000+02:00,2026-09-01T17:45:00Z,6393.3,8741
2026-09-01T20:00:00.000+02:00,2026-09-01T18:00:00Z,6002.6,8741
2026-09-01T20:15:00.000+02:00,2026-09-01T18:15:00Z,5802.0,8741
2026-09-01T20:30:00.000+02:00,2026-09-01T18:30:00Z,5816.7,8741
2026-09-01T20:45:00.000+02:00,2026-09-01T18:45:00Z,5888.9,8741
2026-09-01T21:00:00.000+02:00,2026-09-01T19:00:00Z,5919.2,8741
2026-09-01T21:15:00.000+02:00,2026-09-01T19:15:00Z,6007.0,8741
2026-09-01T21:30:00.000+02:00,2026-09-01T19:30:00Z,5946.4,8741
2026-09-01T21:45:00.000+02:00,2026-09-01T19:45:00Z,5754.5,8741
2026-09-01T22:00:00.000+02:00,2026-09-01T20:00:00Z,5513.9,8741
2026-09-01T22:15:00.000+02:00,2026-09-01T20:15:00Z,5516.6,8741
2026-09-01T22:30:00.000+02:00,2026-09-01T20:30:00Z,5378.6,8741
2026-09-01T22:45:00.000+02:00,2026-09-01T20:45:00Z,5299.0,8741
2026-09-01T23:00:00.000+02:00,2026-09-01T21:00:00Z,5236.6,8741
2026-09-01T23:15:00.000+02:00,2026-09-01T21:15:00Z,5289.0,8741
2026-09-01T23:30:00.000+02:00,2026-09-01T21:30:00Z,5189.3,8741
2026-09-02T00:00:00.000+02:00,2026-09-01T22:00:00Z,5726.5,8741
2026-09-02T00:15:00.000+02:00,2026-09-01T22:15:00Z,5699.8,8741
2026-09-02T00:30:00.000+02:00,2026-09-01T22:30:00Z,5633.9,8741
2026-09-02T00:45:00.000+02:00,2026-09-01T22:45:00Z,5554.3,8741
2026-09-02T01:00:00.000+02:00,2026-09-01T23:00:00Z,5253.8,8741
2026-09-02T01:15:00.000+02:00,2026-09-01T23:15:00Z,5212.2,8741
2026-09-02T01:30:00.000+02:00,2026-09-01T23:30:00Z,5130.4,8741
2026-09-02T01:45:00.000+02:00,2026-09-01T23:45:00Z,5068.6,8741
2026-09-02T02:00:00.000+02:00,2026-09-02T00:00:00Z,5056.6,8741
2026-09-02T02:15:00.000+02:00,2026-09-02T00:15:00Z,5021.8,8741
2026-09-02T02:30:00.000+02:00,2026-09-02T00:30:00Z,4994.7,8741
2026-09-02T02:45:00.000+02:00,2026-09-02T00:45:00Z,4966.1,8741
2026-09-02T03:00:00.000+02:00,2026-09-02T01:00:00Z,4939.3,8741
2026-09-02T03:15:00.000+02:00,2026-09-02T01:15:00Z,4916.4,8741
2026-09-02T03:30:00.000+02:00,2026-09-02T01:30:00Z,4893.0,8741
2026-09-02T03:45:00.000+02:00,2026-09-02T01:45:00Z,4858.2,8741
2026-09-02T04:00:00.000+02:00,2026-09-02T02:00:00Z,4815.1,8741
2026-09-02T04:15:00.000+02:00,2026-09-02T02:15:00Z,4798.9,8741
2026-09-02T04:30:00.000+02:00,2026-09-02T02:30:00Z,4796.5,8741
2026-09-02T04:45:00.000+02:00,2026-09-02T02:45:00Z,4785.2,8741
2026-09-02T05:00:00.000+02:00,2026-09-02T03:00:00Z,4794.1,8741
2026-09-02T05:15:00.000+02:00,2026-09-02T03:15:00Z,4773.5,8741
2026-09-02T05:30:00.000+02:00,2026-09-02T03:30:00Z,4805.7,8741
2026-09-02T05:45:00.000+02:00,2026-09-02T03:45:00Z,4814.9,8741
2026-09-02T06:00:00.000+02:00,2026-09-02T04:00:00Z,4573.2,8741
2026-09-02T06:15:00.000+02:00,2026-09-02T04:15:00Z,4541.9,8741
2026-09-02T06:30:00.000+02:00,2026-09-02T04:30:00Z,4427.2,8741
2026-09-02T06:45:00.000+02:00,2026-09-02T04:45:00Z,4478.1,8741
2026-09-02T07:00:00.000+02:00,2026-09-02T05:00:00Z,4754.0,8741
2026-09-02T07:15:00.000+02:00,2026-09-02T05:15:00Z,4886.3,8741
2026-09-02T07:30:00.000+02:00,2026-09-02T05:30:00Z,5032.2,8741
2026-09-02T07:45:00.000+02:00,2026-09-02T05:45:00Z,5155.9,8741
2026-09-02T08:00:00.000+02:00,2026-09-02T06:00:00Z,5516.4,8741
2026-09-02T08:15:00.000+02:00,2026-09-02T06:15:00Z,5644.3,8741
2026-09-02T08:30:00.000+02:00,2026-09-02T06:30:00Z,5832.7,8741
2026-09-02T08:45:00.000+02:00,2026-09-02T06:45:00Z,6323.2,8741
2026-09-02T09:00:00.000+02:00,2026-09-02T07:00:00Z,5849.7,8741
2026-09-02T09:15:00.000+02:00,2026-09-02T07:15:00Z,6137.0,8741
2026-09-02T09:30:00.000+02:00,2026-09-02T07:30:00Z,6312.3,8741
2026-09-02T09:45:00.000+02:00,2026-09-02T07:45:00Z,6794.6,8741
2026-09-02T10:00:00.000+02:00,2026-09-02T08:00:00Z,7016.7,8741
2026-09-02T10:15:00.000+02:00,2026-09-02T08:15:00Z,7378.8,8741
2026-09-02T10:30:00.000+02:00,2026-09-02T08:30:00Z,7639.7,8741
2026-09-02T10:45:00.000+02:00,2026-09-02T08:45:00Z,7934.6,8741
2026-09-02T11:00:00.000+02:00,2026-09-02T09:00:00Z,8071.2,8741
2026-09-02T11:15:00.000+02:00,2026-09-02T09:15:00Z,8225.6,8741
2026-09-02T11:30:00.000+02:00,2026-09-02T09:30:00Z,8236.4,8741
2026-09-02T11:45:00.000+02:00,2026-09-02T09:45:00Z,8325.1,8741
2026-09-02T12:00:00.000+02:00,2026-09-02T10:00:00Z,8397.5,8741
2026-09-02T12:15:00.000+02:00,2026-09-02T10:15:00Z,8459.6,8741
2026-09-02T12:30:00.000+02:00,2026-09-02T10:30:00Z,8509.9,8741
2026-09-02T12:45:00.000+02:00,2026-09-02T10:45:00Z,8549.6,8741
2026-09-02T13:00:00.000+02:00,2026-09-02T11:00:00Z,8586.9,8741
2026-09-02T13:15:00.000+02:00,2026-09-02T11:15:00Z,8605.6,8741
2026-09-02T13:30:00.000+02:00,2026-09-02T11:30:00Z,8619.2,8741
2026-09-02T13:45:00.000+02:00,2026-09-02T11:45:00Z,8621.8,8741
2026-09-02T14:00:00.000+02:00,2026-09-02T12:00:00Z,8614.2,8741
2026-09-02T14:15:00.000+02:00,2026-09-02T12:15:00Z,8613.8,8741
2026-09-02T14:30:00.000+02:00,2026-09-02T12:30:00Z,8608.9,8741
2026-09-02T14:45:00.000+02:00,2026-09-02T12:45:00Z,8598.9,8741
2026-09-02T15:00:00.000+02:00,2026-09-02T13:00:00Z,8584.2,8741
2026-09-02T15:15:00.000+02:00,2026-09-02T13:15:00Z,8562.7,8741
2026-09-02T15:30:00.000+02:00,2026-09-02T13:30:00Z,8539.2,8741
2026-09-02T15:45:00.000+02:00,2026-09-02T13:45:00Z,8497.6,8741
2026-09-02T16:00:00.000+02:00,2026-09-02T14:00:00Z,8429.2,8741
2026-09-02T16:15:00.000+02:00,2026-09-02T14:15:00Z,8373.9,8741
2026-09-02T16:30:00.000+02:00,2026-09-02T14:30:00Z,8302.5,8741
2026-09-02T16:45:00.000+02:00,2026-09-02T14:45:00Z,8195.6,8741
2026-09-02T17:00:00.000+02:00,2026-09-02T15:00:00Z,8162.2,8741
2026-09-02T17:15:00.000+02:00,2026-09-02T15:15:00Z,8030.3,8741
2026-09-02T17:30:00.000+02:00,2026-09-02T15:30:00Z,7923.8,8741
2026-09-02T17:45:00.000+02:00,2026-09-02T15:45:00Z,7553.0,8741
2026-09-02T18:00:00.000+02:00,2026-09-02T16:00:00Z,7387.1,8741
2026-09-02T18:15:00.000+02:00,2026-09-02T16:15:00Z,7198.8,8741
2026-09-02T18:30:00.000+02:00,2026-09-02T16:30:00Z,7053.8,8741
2026-09-02T18:45:00.000+02:00,2026-09-02T16:45:00Z,6749.4,8741
2026-09-02T19:00:00.000+02:00,2026-09-02T17:00:00Z,6868.3,8741
2026-09-02T19:15:00.000+02:00,2026-09-02T17:15:00Z,6666.8,8741
2026-09-02T19:30:00.000+02:00,2026-09-02T17:30:00Z,6586.0,8741
2026-09-02T19:45:00.000+02:00,2026-09-02T17:45:00Z,6535.3,8741
2026-09-02T20:00:00.000+02:00,2026-09-02T18:00:00Z,5787.8,8741
2026-09-02T20:15:00.000+02:00,2026-09-02T18:15:00Z,5600.6,8741
2026-09-02T20:30:00.000+02:00,2026-09-02T18:30:00Z,5661.1,8741
2026-09-02T20:45:00.000+02:00,2026-09-02T18:45:00Z,5767.5,8741
2026-09-02T21:00:00.000+02:00,2026-09-02T19:00:00Z,5745.4,8741
2026-09-02T21:15:00.000+02:00,2026-09-02T19:15:00Z,5769.2,8741
2026-09-02T21:30:00.000+02:00,2026-09-02T19:30:00Z,5779.9,8741
2026-09-02T21:45:00.000+02:00,2026-09-02T19:45:00Z,5740.4,8741
2026-09-02T22:00:00.000+02:00,2026-09-02T20:00:00Z,5749.8,8741
2026-09-02T22:15:00.000+02:00,2026-09-02T20:15:00Z,5653.6,8741
2026-09-02T22:30:00.000+02:00,2026-09-02T20:30:00Z,5591.9,8741
2026-09-02T22:45:00.000+02:00,2026-09-02T20:45:00Z,5536.2,8741
2026-09-02T23:00:00.000+02:00,2026-09-02T21:00:00Z,5575.6,8741
2026-09-02T23:15:00.000+02:00,2026-09-02T21:15:00Z,5501.3,8741
2026-09-02T23:30:00.000+02:00,2026-09-02T21:30:00Z,5490.5,8741
2026-09-03T00:00:00.000+02:00,2026-09-02T22:00:00Z,5836.4,8741
2026-09-03T00:15:00.000+02:00,2026-09-02T22:15:00Z,5838.4,8741
2026-09-03T00:30:00.000+02:00,2026-09-02T22:30:00Z,5826.2,8741
2026-09-03T00:45:00.000+02:00,2026-09-02T22:45:00Z,5796.6,8741
2026-09-03T01:00:00.000+02:00,2026-09-02T23:00:00Z,5465.6,8741
2026-09-03T01:15:00.000+02:00,2026-09-02T23:15:00Z,5425.8,8741
2026-09-03T01:30:00.000+02:00,2026-09-02T23:30:00Z,5381.0,8741
2026-09-03T01:45:00.000+02:00,2026-09-02T23:45:00Z,5349.1,8741
2026-09-03T02:00:00.000+02:00,2026-09-03T00:00:00Z,5310.5,8741
2026-09-03T02:15:00.000+02:00,2026-09-03T00:15:00Z,5279.7,8741
2026-09-03T02:30:00.000+02:00,2026-09-03T00:30:00Z,5260.3,8741
2026-09-03T02:45:00.000+02:00,2026-09-03T00:45:00Z,5231.0,8741
2026-09-03T03:00:00.000+02:00,2026-09-03T01:00:00Z,5174.0,8741
2026-09-03T03:15:00.000+02:00,2026-09-03T01:15:00Z,5134.6,8741
2026-09-03T03:30:00.000+02:00,2026-09-03T01:30:00Z,5105.8,8741
2026-09-03T03:45:00.000+02:00,2026-09-03T01:45:00Z,5082.3,8741
2026-09-03T04:00:00.000+02:00,2026-09-03T02:00:00Z,5039.1,8741
2026-09-03T04:15:00.000+02:00,2026-09-03T02:15:00Z,5027.0,8741
2026-09-03T04:30:00.000+02:00,2026-09-03T02:30:00Z,5019.4,8741
2026-09-03T04:45:00.000+02:00,2026-09-03T02:45:00Z,4971.8,8741
2026-09-03T05:00:00.000+02:00,2026-09-03T03:00:00Z,4972.2,8741
2026-09-03T05:15:00.000+02:00,2026-09-03T03:15:00Z,4943.6,8741
2026-09-03T05:30:00.000+02:00,2026-09-03T03:30:00Z,4947.1,8741
2026-09-03T05:45:00.000+02:00,2026-09-03T03:45:00Z,4992.2,8741
2026-09-03T06:00:00.000+02:00,2026-09-03T04:00:00Z,5008.0,8741
2026-09-03T06:15:00.000+02:00,2026-09-03T04:15:00Z,5026.5,8741
2026-09-03T06:30:00.000+02:00,2026-09-03T04:30:00Z,5033.2,8741
2026-09-03T06:45:00.000+02:00,2026-09-03T04:45:00Z,5035.2,8741
2026-09-03T07:00:00.000+02:00,2026-09-03T05:00:00Z,5003.5,8741
2026-09-03T07:15:00.000+02:00,2026-09-03T05:15:00Z,5077.6,8741
2026-09-03T07:30:00.000+02:00,2026-09-03T05:30:00Z,5186.0,8741
2026-09-03T07:45:00.000+02:00,2026-09-03T05:45:00Z,5236.1,8741
2026-09-03T08:00:00.000+02:00,2026-09-03T06:00:00Z,5381.3,8741
2026-09-03T08:15:00.000+02:00,2026-09-03T06:15:00Z,5690.9,8741
2026-09-03T08:30:00.000+02:00,2026-09-03T06:30:00Z,5986.6,8741
2026-09-03T08:45:00.000+02:00,2026-09-03T06:45:00Z,6077.3,8741
2026-09-03T09:00:00.000+02:00,2026-09-03T07:00:00Z,6412.8,8741
2026-09-03T09:15:00.000+02:00,2026-09-03T07:15:00Z,6832.1,8741
2026-09-03T09:30:00.000+02:00,2026-09-03T07:30:00Z,6831.5,8741
2026-09-03T09:45:00.000+02:00,2026-09-03T07:45:00Z,7097.1,8741
2026-09-03T10:00:00.000+02:00,2026-09-03T08:00:00Z,7192.4,8741
2026-09-03T10:15:00.000+02:00,2026-09-03T08:15:00Z,7509.7,8741
2026-09-03T10:30:00.000+02:00,2026-09-03T08:30:00Z,7727.3,8741
2026-09-03T10:45:00.000+02:00,2026-09-03T08:45:00Z,8013.5,8741
2026-09-03T11:00:00.000+02:00,2026-09-03T09:00:00Z,8006.7,8741
2026-09-03T11:15:00.000+02:00,2026-09-03T09:15:00Z,8103.9,8741
2026-09-03T11:30:00.000+02:00,2026-09-03T09:30:00Z,8366.6,8741
2026-09-03T11:45:00.000+02:00,2026-09-03T09:45:00Z,8405.8,8741
2026-09-03T12:00:00.000+02:00,2026-09-03T10:00:00Z,8472.0,8741
2026-09-03T12:15:00.000+02:00,2026-09-03T10:15:00Z,8525.4,8741
2026-09-03T12:30:00.000+02:00,2026-09-03T10:30:00Z,8572.1,8741
2026-09-03T12:45:00.000+02:00,2026-09-03T10:45:00Z,8733.9,8741
2026-09-03T13:00:00.000+02:00,2026-09-03T11:00:00Z,8814.9,8741
2026-09-03T13:15:00.000+02:00,2026-09-03T11:15:00Z,8984.1,8741
2026-09-03T13:30:00.000+02:00,2026-09-03T11:30:00Z,9088.1,8741
2026-09-03T13:45:00.000+02:00,2026-09-03T11:45:00Z,9076.6,8741
2026-09-03T14:00:00.000+02:00,2026-09-03T12:00:00Z,9029.1,8741
2026-09-03T14:15:00.000+02:00,2026-09-03T12:15:00Z,9054.7,8741
2026-09-03T14:30:00.000+02:00,2026-09-03T12:30:00Z,9036.5,8741
2026-09-03T14:45:00.000+02:00,2026-09-03T12:45:00Z,9006.6,8741
2026-09-03T15:00:00.000+02:00,2026-09-03T13:00:00Z,8929.7,8741
2026-09-03T15:15:00.000+02:00,2026-09-03T13:15:00Z,8862.3,8741
2026-09-03T15:30:00.000+02:00,2026-09-03T13:30:00Z,8723.7,8741
2026-09-03T15:45:00.000+02:00,2026-09-03T13:45:00Z,8787.5,8741
2026-09-03T16:00:00.000+02:00,2026-09-03T14:00:00Z,8556.9,8741
2026-09-03T16:15:00.000+02:00,2026-09-03T14:15:00Z,8561.9,8741
2026-09-03T16:30:00.000+02:00,2026-09-03T14:30:00Z,8241.3,8741
2026-09-03T16:45:00.000+02:00,2026-09-03T14:45:00Z,8243.3,8741
2026-09-03T17:00:00.000+02:00,2026-09-03T15:00:00Z,8190.7,8741
2026-09-03T17:15:00.000+02:00,2026-09-03T15:15:00Z,8184.3,8741
2026-09-03T17:30:00.000+02:00,2026-09-03T15:30:00Z,8039.2,8741
2026-09-03T17:45:00.000+02:00,2026-09-03T15:45:00Z,7721.8,8741
2026-09-03T18:00:00.000+02:00,2026-09-03T16:00:00Z,7506.9,8741
2026-09-03T18:15:00.000+02:00,2026-09-03T16:15:00Z,7263.0,8741
2026-09-03T18:30:00.000+02:00,2026-09-03T16:30:00Z,7126.5,8741
2026-09-03T18:45:00.000+02:00,2026-09-03T16:45:00Z,7080.0,8741
2026-09-03T19:00:00.000+02:00,2026-09-03T17:00:00Z,7136.4,8741
2026-09-03T19:15:00.000+02:00,2026-09-03T17:15:00Z,6904.0,8741
2026-09-03T19:30:00.000+02:00,2026-09-03T17:30:00Z,6546.4,8741
2026-09-03T19:45:00.000+02:00,2026-09-03T17:45:00Z,6611.7,8741
2026-09-03T20:00:00.000+02:00,2026-09-03T18:00:00Z,6117.5,8741
2026-09-03T20:15:00.000+02:00,2026-09-03T18:15:00Z,6262.7,8741
2026-09-03T20:30:00.000+02:00,2026-09-03T18:30:00Z,6128.4,8741
2026-09-03T20:45:00.000+02:00,2026-09-03T18:45:00Z,6097.6,8741
2026-09-03T21:00:00.000+02:00,2026-09-03T19:00:00Z,5881.8,8741
2026-09-03T21:15:00.000+02:00,2026-09-03T19:15:00Z,5920.6,8741
2026-09-03T21:30:00.000+02:00,2026-09-03T19:30:00Z,5856.9,8741
2026-09-03T21:45:00.000+02:00,2026-09-03T19:45:00Z,5785.0,8741
2026-09-03T22:00:00.000+02:00,2026-09-03T20:00:00Z,5745.7,8741
2026-09-03T22:15:00.000+02:00,2026-09-03T20:15:00Z,5699.5,8741
2026-09-03T22:30:00.000+02:00,2026-09-03T20:30:00Z,5689.4,8741
2026-09-03T22:45:00.000+02:00,2026-09-03T20:45:00Z,5539.7,8741
2026-09-03T23:00:00.000+02:00,2026-09-03T21:00:00Z,5553.5,8741
2026-09-03T23:15:00.000+02:00,2026-09-03T21:15:00Z,5399.4,8741
2026-09-03T23:30:00.000+02:00,2026-09-03T21:30:00Z,5357.5,8741
2026-09-04T00:00:00.000+02:00,2026-09-03T22:00:00Z,6424.6,8741
2026-09-04T00:15:00.000+02:00,2026-09-03T22:15:00Z,6344.3,8741
2026-09-04T00:30:00.000+02:00,2026-09-03T22:30:00Z,6183.2,8741
2026-09-04T00:45:00.000+02:00,2026-09-03T22:45:00Z,6064.9,8741
2026-09-04T01:00:00.000+02:00,2026-09-03T23:00:00Z,5841.3,8741
2026-09-04T01:15:00.000+02:00,2026-09-03T23:15:00Z,5745.2,8741
2026-09-04T01:30:00.000+02:00,2026-09-03T23:30:00Z,5658.8,8741
2026-09-04T01:45:00.000+02:00,2026-09-03T23:45:00Z,5562.0,8741
2026-09-04T02:00:00.000+02:00,2026-09-04T00:00:00Z,5519.6,8741
2026-09-04T02:15:00.000+02:00,2026-09-04T00:15:00Z,5507.7,8741
2026-09-04T02:30:00.000+02:00,2026-09-04T00:30:00Z,5486.6,8741
2026-09-04T02:45:00.000+02:00,2026-09-04T00:45:00Z,5476.6,8741
2026-09-04T03:00:00.000+02:00,2026-09-04T01:00:00Z,5459.2,8741
2026-09-04T03:15:00.000+02:00,2026-09-04T01:15:00Z,5425.7,8741
2026-09-04T03:30:00.000+02:00,2026-09-04T01:30:00Z,5412.9,8741
2026-09-04T03:45:00.000+02:00,2026-09-04T01:45:00Z,5376.8,8741
2026-09-04T04:00:00.000+02:00,2026-09-04T02:00:00Z,5352.9,8741
2026-09-04T04:15:00.000+02:00,2026-09-04T02:15:00Z,5328.5,8741
2026-09-04T04:30:00.000+02:00,2026-09-04T02:30:00Z,5319.4,8741
2026-09-04T04:45:00.000+02:00,2026-09-04T02:45:00Z,5311.1,8741
2026-09-04T05:00:00.000+02:00,2026-09-04T03:00:00Z,5319.6,8741
2026-09-04T05:15:00.000+02:00,2026-09-04T03:15:00Z,5314.9,8741
2026-09-04T05:30:00.000+02:00,2026-09-04T03:30:00Z,5347.7,8741
2026-09-04T05:45:00.000+02:00,2026-09-04T03:45:00Z,5365.6,8741
2026-09-04T06:00:00.000+02:00,2026-09-04T04:00:00Z,5420.5,8741
2026-09-04T06:15:00.000+02:00,2026-09-04T04:15:00Z,5505.9,8741
2026-09-04T06:30:00.000+02:00,2026-09-04T04:30:00Z,5512.9,8741
2026-09-04T06:45:00.000+02:00,2026-09-04T04:45:00Z,5519.6,8741
2026-09-04T07:00:00.000+02:00,2026-09-04T05:00:00Z,5523.3,8741
2026-09-04T07:15:00.000+02:00,2026-09-04T05:15:00Z,5538.0,8741
2026-09-04T07:30:00.000+02:00,2026-09-04T05:30:00Z,5640.9,8741
2026-09-04T07:45:00.000+02:00,2026-09-04T05:45:00Z,5736.7,8741
2026-09-04T08:00:00.000+02:00,2026-09-04T06:00:00Z,5795.3,8741
2026-09-04T08:15:00.000+02:00,2026-09-04T06:15:00Z,5815.2,8741
2026-09-04T08:30:00.000+02:00,2026-09-04T06:30:00Z,5887.4,8741
2026-09-04T08:45:00.000+02:00,2026-09-04T06:45:00Z,6131.3,8741
2026-09-04T09:00:00.000+02:00,2026-09-04T07:00:00Z,6339.0,8741
2026-09-04T09:15:00.000+02:00,2026-09-04T07:15:00Z,6886.3,8741
2026-09-04T09:30:00.000+02:00,2026-09-04T07:30:00Z,7147.9,8741
2026-09-04T09:45:00.000+02:00,2026-09-04T07:45:00Z,7449.1,8741
2026-09-04T10:00:00.000+02:00,2026-09-04T08:00:00Z,7295.7,8741
2026-09-04T10:15:00.000+02:00,2026-09-04T08:15:00Z,7562.1,8741
2026-09-04T10:30:00.000+02:00,2026-09-04T08:30:00Z,7801.4,8741
2026-09-04T10:45:00.000+02:00,2026-09-04T08:45:00Z,8104.0,8741
2026-09-04T11:00:00.000+02:00,2026-09-04T09:00:00Z,8105.0,8741
2026-09-04T11:15:00.000+02:00,2026-09-04T09:15:00Z,8174.5,8741
2026-09-04T11:30:00.000+02:00,2026-09-04T09:30:00Z,8168.0,8741
2026-09-04T11:45:00.000+02:00,2026-09-04T09:45:00Z,8366.8,8741
2026-09-04T12:00:00.000+02:00,2026-09-04T10:00:00Z,8285.7,8741
2026-09-04T12:15:00.000+02:00,2026-09-04T10:15:00Z,8483.8,8741
2026-09-04T12:30:00.000+02:00,2026-09-04T10:30:00Z,8525.4,8741
2026-09-04T12:45:00.000+02:00,2026-09-04T10:45:00Z,8565.6,8741
2026-09-04T13:00:00.000+02:00,2026-09-04T11:00:00Z,8442.4,8741
2026-09-04T13:15:00.000+02:00,2026-09-04T11:15:00Z,8449.9,8741
2026-09-04T13:30:00.000+02:00,2026-09-04T11:30:00Z,8449.8,8741
2026-09-04T13:45:00.000+02:00,2026-09-04T11:45:00Z,8597.9,8741
2026-09-04T14:00:00.000+02:00,2026-09-04T12:00:00Z,8607.0,8741
2026-09-04T14:15:00.000+02:00,2026-09-04T12:15:00Z,8634.3,8741
2026-09-04T14:30:00.000+02:00,2026-09-04T12:30:00Z,8435.7,8741
2026-09-04T14:45:00.000+02:00,2026-09-04T12:45:00Z,8402.9,8741
2026-09-04T15:00:00.000+02:00,2026-09-04T13:00:00Z,8513.4,8741
2026-09-04T15:15:00.000+02:00,2026-09-04T13:15:00Z,8521.0,8741
2026-09-04T15:30:00.000+02:00,2026-09-04T13:30:00Z,8510.5,8741
2026-09-04T15:45:00.000+02:00,2026-09-04T13:45:00Z,8322.3,8741
2026-09-04T16:00:00.000+02:00,2026-09-04T14:00:00Z,8264.5,8741
2026-09-04T16:15:00.000+02:00,2026-09-04T14:15:00Z,8249.5,8741
2026-09-04T16:30:00.000+02:00,2026-09-04T14:30:00Z,8140.8,8741
2026-09-04T16:45:00.000+02:00,2026-09-04T14:45:00Z,8015.6,8741
2026-09-04T17:00:00.000+02:00,2026-09-04T15:00:00Z,7840.4,8741
2026-09-04T17:15:00.000+02:00,2026-09-04T15:15:00Z,7686.4,8741
2026-09-04T17:30:00.000+02:00,2026-09-04T15:30:00Z,7628.1,8741
2026-09-04T17:45:00.000+02:00,2026-09-04T15:45:00Z,7344.1,8741
2026-09-04T18:00:00.000+02:00,2026-09-04T16:00:00Z,7183.3,8741
2026-09-04T18:15:00.000+02:00,2026-09-04T16:15:00Z,7028.7,8741
2026-09-04T18:30:00.000+02:00,2026-09-04T16:30:00Z,6843.9,8741
2026-09-04T18:45:00.000+02:00,2026-09-04T16:45:00Z,6925.7,8741
2026-09-04T19:00:00.000+02:00,2026-09-04T17:00:00Z,6746.2,8741
2026-09-04T19:15:00.000+02:00,2026-09-04T17:15:00Z,6632.2,8741
2026-09-04T19:30:00.000+02:00,2026-09-04T17:30:00Z,6518.9,8741
2026-09-04T19:45:00.000+02:00,2026-09-04T17:45:00Z,6597.0,8741
2026-09-04T20:00:00.000+02:00,2026-09-04T18:00:00Z,5896.1,8741
2026-09-04T20:15:00.000+02:00,2026-09-04T18:15:00Z,5887.5,8741
2026-09-04T20:30:00.000+02:00,2026-09-04T18:30:00Z,5800.6,8741
2026-09-04T20:45:00.000+02:00,2026-09-04T18:45:00Z,5803.2,8741
2026-09-04T21:00:00.000+02:00,2026-09-04T19:00:00Z,5743.0,8741
2026-09-04T21:15:00.000+02:00,2026-09-04T19:15:00Z,5745.2,8741
2026-09-04T21:30:00.000+02:00,2026-09-04T19:30:00Z,5695.6,8741
2026-09-04T21:45:00.000+02:00,2026-09-04T19:45:00Z,5626.6,8741
2026-09-04T22:00:00.000+02:00,2026-09-04T20:00:00Z,5662.4,8741
2026-09-04T22:15:00.000+02:00,2026-09-04T20:15:00Z,5609.9,8741
2026-09-04T22:30:00.000+02:00,2026-09-04T20:30:00Z,5564.5,8741
2026-09-04T22:45:00.000+02:00,2026-09-04T20:45:00Z,5394.8,8741
2026-09-04T23:00:00.000+02:00,2026-09-04T21:00:00Z,5725.7,8741
2026-09-04T23:15:00.000+02:00,2026-09-04T21:15:00Z,5549.7,8741
2026-09-04T23:30:00.000+02:00,2026-09-04T21:30:00Z,5429.7,8741
2026-09-05T00:00:00.000+02:00,2026-09-04T22:00:00Z,5688.1,8741
2026-09-05T00:15:00.000+02:00,2026-09-04T22:15:00Z,5647.3,8741
2026-09-05T00:30:00.000+02:00,2026-09-04T22:30:00Z,5647.1,8741
2026-09-05T00:45:00.000+02:00,2026-09-04T22:45:00Z,5587.3,8741
2026-09-05T01:00:00.000+02:00,2026-09-04T23:00:00Z,5222.8,8741
2026-09-05T01:15:00.000+02:00,2026-09-04T23:15:00Z,5225.2,8741
2026-09-05T01:30:00.000+02:00,2026-09-04T23:30:00Z,5136.9,8741
2026-09-05T01:45:00.000+02:00,2026-09-04T23:45:00Z,5097.3,8741
2026-09-05T02:00:00.000+02:00,2026-09-05T00:00:00Z,4908.9,8741
2026-09-05T02:15:00.000+02:00,2026-09-05T00:15:00Z,4859.5,8741
2026-09-05T02:30:00.000+02:00,2026-09-05T00:30:00Z,4838.5,8741
2026-09-05T02:45:00.000+02:00,2026-09-05T00:45:00Z,4832.7,8741
2026-09-05T03:00:00.000+02:00,2026-09-05T01:00:00Z,4798.1,8741
2026-09-05T03:15:00.000+02:00,2026-09-05T01:15:00Z,4759.2,8741
2026-09-05T03:30:00.000+02:00,2026-09-05T01:30:00Z,4721.8,8741
2026-09-05T03:45:00.000+02:00,2026-09-05T01:45:00Z,4683.9,8741
2026-09-05T04:00:00.000+02:00,2026-09-05T02:00:00Z,4641.7,8741
2026-09-05T04:15:00.000+02:00,2026-09-05T02:15:00Z,4578.0,8741
2026-09-05T04:30:00.000+02:00,2026-09-05T02:30:00Z,4557.8,8741
2026-09-05T04:45:00.000+02:00,2026-09-05T02:45:00Z,4535.1,8741
2026-09-05T05:00:00.000+02:00,2026-09-05T03:00:00Z,4414.2,8741
2026-09-05T05:15:00.000+02:00,2026-09-05T03:15:00Z,4395.8,8741
2026-09-05T05:30:00.000+02:00,2026-09-05T03:30:00Z,4408.1,8741
2026-09-05T05:45:00.000+02:00,2026-09-05T03:45:00Z,4432.0,8741
2026-09-05T06:00:00.000+02:00,2026-09-05T04:00:00Z,4460.9,8741
2026-09-05T06:15:00.000+02:00,2026-09-05T04:15:00Z,4473.8,8741
2026-09-05T06:30:00.000+02:00,2026-09-05T04:30:00Z,4503.1,8741
2026-09-05T06:45:00.000+02:00,2026-09-05T04:45:00Z,4530.6,8741
2026-09-05T07:00:00.000+02:00,2026-09-05T05:00:00Z,4508.4,8741
2026-09-05T07:15:00.000+02:00,2026-09-05T05:15:00Z,4523.2,8741
2026-09-05T07:30:00.000+02:00,2026-09-05T05:30:00Z,4602.5,8741
2026-09-05T07:45:00.000+02:00,2026-09-05T05:45:00Z,4635.8,8741
2026-09-05T08:00:00.000+02:00,2026-09-05T06:00:00Z,4737.9,8741
2026-09-05T08:15:00.000+02:00,2026-09-05T06:15:00Z,4827.5,8741
2026-09-05T08:30:00.000+02:00,2026-09-05T06:30:00Z,4968.3,8741
2026-09-05T08:45:00.000+02:00,2026-09-05T06:45:00Z,5093.7,8741
2026-09-05T09:00:00.000+02:00,2026-09-05T07:00:00Z,5314.6,8741
2026-09-05T09:15:00.000+02:00,2026-09-05T07:15:00Z,5615.3,8741
2026-09-05T09:30:00.000+02:00,2026-09-05T07:30:00Z,5894.2,8741
2026-09-05T09:45:00.000+02:00,2026-09-05T07:45:00Z,6153.4,8741
2026-09-05T10:00:00.000+02:00,2026-09-05T08:00:00Z,6166.7,8741
2026-09-05T10:15:00.000+02:00,2026-09-05T08:15:00Z,6368.1,8741
2026-09-05T10:30:00.000+02:00,2026-09-05T08:30:00Z,6445.2,8741
2026-09-05T10:45:00.000+02:00,2026-09-05T08:45:00Z,6785.4,8741
2026-09-05T11:00:00.000+02:00,2026-09-05T09:00:00Z,7314.3,8741
2026-09-05T11:15:00.000+02:00,2026-09-05T09:15:00Z,7745.8,8741
2026-09-05T11:30:00.000+02:00,2026-09-05T09:30:00Z,7925.9,8741
2026-09-05T11:45:00.000+02:00,2026-09-05T09:45:00Z,8059.1,8741
2026-09-05T12:00:00.000+02:00,2026-09-05T10:00:00Z,8183.2,8741
2026-09-05T12:15:00.000+02:00,2026-09-05T10:15:00Z,8138.6,8741
2026-09-05T12:30:00.000+02:00,2026-09-05T10:30:00Z,8316.1,8741
2026-09-05T12:45:00.000+02:00,2026-09-05T10:45:00Z,8438.5,8741
2026-09-05T13:00:00.000+02:00,2026-09-05T11:00:00Z,8524.4,8741
2026-09-05T13:15:00.000+02:00,2026-09-05T11:15:00Z,8578.9,8741
2026-09-05T13:30:00.000+02:00,2026-09-05T11:30:00Z,8599.5,8741
2026-09-05T13:45:00.000+02:00,2026-09-05T11:45:00Z,8572.2,8741
2026-09-05T14:00:00.000+02:00,2026-09-05T12:00:00Z,8630.6,8741
2026-09-05T14:15:00.000+02:00,2026-09-05T12:15:00Z,8637.8,8741
2026-09-05T14:30:00.000+02:00,2026-09-05T12:30:00Z,8622.0,8741
2026-09-05T14:45:00.000+02:00,2026-09-05T12:45:00Z,8597.7,8741
2026-09-05T15:00:00.000+02:00,2026-09-05T13:00:00Z,8570.2,8741
2026-09-05T15:15:00.000+02:00,2026-09-05T13:15:00Z,8548.6,8741
2026-09-05T15:30:00.000+02:00,2026-09-05T13:30:00Z,8518.8,8741
2026-09-05T15:45:00.000+02:00,2026-09-05T13:45:00Z,8450.0,8741
2026-09-05T16:00:00.000+02:00,2026-09-05T14:00:00Z,8449.2,8741
2026-09-05T16:15:00.000+02:00,2026-09-05T14:15:00Z,8404.9,8741
2026-09-05T16:30:00.000+02:00,2026-09-05T14:30:00Z,8224.2,8741
2026-09-05T16:45:00.000+02:00,2026-09-05T14:45:00Z,8151.8,8741
2026-09-05T17:00:00.000+02:00,2026-09-05T15:00:00Z,7465.5,8741
2026-09-05T17:15:00.000+02:00,2026-09-05T15:15:00Z,7113.3,8741
2026-09-05T17:30:00.000+02:00,2026-09-05T15:30:00Z,6727.5,8741
2026-09-05T17:45:00.000+02:00,2026-09-05T15:45:00Z,6287.4,8741
2026-09-05T18:00:00.000+02:00,2026-09-05T16:00:00Z,6527.0,8741
2026-09-05T18:15:00.000+02:00,2026-09-05T16:15:00Z,6144.9,8741
2026-09-05T18:30:00.000+02:00,2026-09-05T16:30:00Z,5829.1,8741
2026-09-05T18:45:00.000+02:00,2026-09-05T16:45:00Z,5716.3,8741
2026-09-05T19:00:00.000+02:00,2026-09-05T17:00:00Z,5943.2,8741
2026-09-05T19:15:00.000+02:00,2026-09-05T17:15:00Z,5967.9,8741
2026-09-05T19:30:00.000+02:00,2026-09-05T17:30:00Z,5805.3,8741
2026-09-05T19:45:00.000+02:00,2026-09-05T17:45:00Z,5701.6,8741
2026-09-05T20:00:00.000+02:00,2026-09-05T18:00:00Z,5778.8,8741
2026-09-05T20:15:00.000+02:00,2026-09-05T18:15:00Z,5650.5,8741
2026-09-05T20:30:00.000+02:00,2026-09-05T18:30:00Z,5695.9,8741
2026-09-05T20:45:00.000+02:00,2026-09-05T18:45:00Z,5700.5,8741
2026-09-05T21:00:00.000+02:00,2026-09-05T19:00:00Z,5661.0,8741
2026-09-05T21:15:00.000+02:00,2026-09-05T19:15:00Z,5682.6,8741
2026-09-05T21:30:00.000+02:00,2026-09-05T19:30:00Z,5641.7,8741
2026-09-05T21:45:00.000+02:00,2026-09-05T19:45:00Z,5549.7,8741
2026-09-05T22:00:00.000+02:00,2026-09-05T20:00:00Z,5478.3,8741
2026-09-05T22:15:00.000+02:00,2026-09-05T20:15:00Z,5412.9,8741
2026-09-05T22:30:00.000+02:00,2026-09-05T20:30:00Z,5582.5,8741
2026-09-05T22:45:00.000+02:00,2026-09-05T20:45:00Z,5424.7,8741
2026-09-05T23:00:00.000+02:00,2026-09-05T21:00:00Z,5406.9,8741
2026-09-05T23:15:00.000+02:00,2026-09-05T21:15:00Z,5275.1,8741
2026-09-05T23:30:00.000+02:00,2026-09-05T21:30:00Z,5182.8,8741
2026-09-06T00:00:00.000+02:00,2026-09-05T22:00:00Z,5567.8,8741
2026-09-06T00:15:00.000+02:00,2026-09-05T22:15:00Z,5503.2,8741
2026-09-06T00:30:00.000+02:00,2026-09-05T22:30:00Z,5472.1,8741
2026-09-06T00:45:00.000+02:00,2026-09-05T22:45:00Z,5409.1,8741
2026-09-06T01:00:00.000+02:00,2026-09-05T23:00:00Z,5175.5,8741
2026-09-06T01:15:00.000+02:00,2026-09-05T23:15:00Z,5149.5,8741
2026-09-06T01:30:00.000+02:00,2026-09-05T23:30:00Z,5105.3,8741
2026-09-06T01:45:00.000+02:00,2026-09-05T23:45:00Z,5052.0,8741
2026-09-06T02:00:00.000+02:00,2026-09-06T00:00:00Z,4913.7,8741
2026-09-06T02:15:00.000+02:00,2026-09-06T00:15:00Z,4852.4,8741
2026-09-06T02:30:00.000+02:00,2026-09-06T00:30:00Z,4818.7,8741
2026-09-06T02:45:00.000+02:00,2026-09-06T00:45:00Z,4783.4,8741
2026-09-06T03:00:00.000+02:00,2026-09-06T01:00:00Z,4751.8,8741
2026-09-06T03:15:00.000+02:00,2026-09-06T01:15:00Z,4640.8,8741
2026-09-06T03:30:00.000+02:00,2026-09-06T01:30:00Z,4568.2,8741
2026-09-06T03:45:00.000+02:00,2026-09-06T01:45:00Z,4541.2,8741
2026-09-06T04:00:00.000+02:00,2026-09-06T02:00:00Z,4574.4,8741
2026-09-06T04:15:00.000+02:00,2026-09-06T02:15:00Z,4549.4,8741
2026-09-06T04:30:00.000+02:00,2026-09-06T02:30:00Z,4521.7,8741
2026-09-06T04:45:00.000+02:00,2026-09-06T02:45:00Z,4506.7,8741
2026-09-06T05:00:00.000+02:00,2026-09-06T03:00:00Z,4483.8,8741
2026-09-06T05:15:00.000+02:00,2026-09-06T03:15:00Z,4468.6,8741
2026-09-06T05:30:00.000+02:00,2026-09-06T03:30:00Z,4482.1,8741
2026-09-06T05:45:00.000+02:00,2026-09-06T03:45:00Z,4516.5,8741
2026-09-06T06:00:00.000+02:00,2026-09-06T04:00:00Z,4602.0,8741
2026-09-06T06:15:00.000+02:00,2026-09-06T04:15:00Z,4607.3,8741
2026-09-06T06:30:00.000+02:00,2026-09-06T04:30:00Z,4599.3,8741
2026-09-06T06:45:00.000+02:00,2026-09-06T04:45:00Z,4588.2,8741
2026-09-06T07:00:00.000+02:00,2026-09-06T05:00:00Z,4656.1,8741
2026-09-06T07:15:00.000+02:00,2026-09-06T05:15:00Z,4624.7,8741
2026-09-06T07:30:00.000+02:00,2026-09-06T05:30:00Z,4697.0,8741
2026-09-06T07:45:00.000+02:00,2026-09-06T05:45:00Z,4603.6,8741
2026-09-06T08:00:00.000+02:00,2026-09-06T06:00:00Z,4530.9,8741
2026-09-06T08:15:00.000+02:00,2026-09-06T06:15:00Z,4548.1,8741
2026-09-06T08:30:00.000+02:00,2026-09-06T06:30:00Z,4678.3,8741
2026-09-06T08:45:00.000+02:00,2026-09-06T06:45:00Z,4914.2,8741
2026-09-06T09:00:00.000+02:00,2026-09-06T07:00:00Z,5076.0,8741
2026-09-06T09:15:00.000+02:00,2026-09-06T07:15:00Z,5544.3,8741
2026-09-06T09:30:00.000+02:00,2026-09-06T07:30:00Z,6136.8,8741
2026-09-06T09:45:00.000+02:00,2026-09-06T07:45:00Z,6428.3,8741
2026-09-06T10:00:00.000+02:00,2026-09-06T08:00:00Z,6789.4,8741
2026-09-06T10:15:00.000+02:00,2026-09-06T08:15:00Z,7160.6,8741
2026-09-06T10:30:00.000+02:00,2026-09-06T08:30:00Z,7443.2,8741
2026-09-06T10:45:00.000+02:00,2026-09-06T08:45:00Z,7617.0,8741
2026-09-06T11:00:00.000+02:00,2026-09-06T09:00:00Z,7655.0,8741
2026-09-06T11:15:00.000+02:00,2026-09-06T09:15:00Z,7694.1,8741
2026-09-06T11:30:00.000+02:00,2026-09-06T09:30:00Z,7651.2,8741
2026-09-06T11:45:00.000+02:00,2026-09-06T09:45:00Z,7655.1,8741
2026-09-06T12:00:00.000+02:00,2026-09-06T10:00:00Z,7726.1,8741
2026-09-06T12:15:00.000+02:00,2026-09-06T10:15:00Z,7753.9,8741
2026-09-06T12:30:00.000+02:00,2026-09-06T10:30:00Z,7791.7,8741
2026-09-06T12:45:00.000+02:00,2026-09-06T10:45:00Z,7866.9,8741
2026-09-06T13:00:00.000+02:00,2026-09-06T11:00:00Z,7951.6,8741
2026-09-06T13:15:00.000+02:00,2026-09-06T11:15:00Z,8000.5,8741
2026-09-06T13:30:00.000+02:00,2026-09-06T11:30:00Z,8049.7,8741
2026-09-06T13:45:00.000+02:00,2026-09-06T11:45:00Z,8078.1,8741
2026-09-06T14:00:00.000+02:00,2026-09-06T12:00:00Z,8159.7,8741
2026-09-06T14:15:00.000+02:00,2026-09-06T12:15:00Z,8174.5,8741
2026-09-06T14:30:00.000+02:00,2026-09-06T12:30:00Z,8165.8,8741
2026-09-06T14:45:00.000+02:00,2026-09-06T12:45:00Z,8125.3,8741
2026-09-06T15:00:00.000+02:00,2026-09-06T13:00:00Z,8006.3,8741
2026-09-06T15:15:00.000+02:00,2026-09-06T13:15:00Z,7987.9,8741
2026-09-06T15:30:00.000+02:00,2026-09-06T13:30:00Z,7985.0,8741
2026-09-06T15:45:00.000+02:00,2026-09-06T13:45:00Z,7991.6,8741
2026-09-06T16:00:00.000+02:00,2026-09-06T14:00:00Z,8019.6,8741
2026-09-06T16:15:00.000+02:00,2026-09-06T14:15:00Z,7991.2,8741
2026-09-06T16:30:00.000+02:00,2026-09-06T14:30:00Z,7744.8,8741
2026-09-06T16:45:00.000+02:00,2026-09-06T14:45:00Z,7632.0,8741
2026-09-06T17:00:00.000+02:00,2026-09-06T15:00:00Z,7492.3,8741
2026-09-06T17:15:00.000+02:00,2026-09-06T15:15:00Z,7421.9,8741
2026-09-06T17:30:00.000+02:00,2026-09-06T15:30:00Z,7364.0,8741
2026-09-06T17:45:00.000+02:00,2026-09-06T15:45:00Z,7143.2,8741
2026-09-06T18:00:00.000+02:00,2026-09-06T16:00:00Z,6933.4,8741
2026-09-06T18:15:00.000+02:00,2026-09-06T16:15:00Z,6500.8,8741
2026-09-06T18:30:00.000+02:00,2026-09-06T16:30:00Z,6409.5,8741
2026-09-06T18:45:00.000+02:00,2026-09-06T16:45:00Z,6338.3,8741
2026-09-06T19:00:00.000+02:00,2026-09-06T17:00:00Z,6094.0,8741
2026-09-06T19:15:00.000+02:00,2026-09-06T17:15:00Z,6087.8,8741
2026-09-06T19:30:00.000+02:00,2026-09-06T17:30:00Z,6255.8,8741
2026-09-06T19:45:00.000+02:00,2026-09-06T17:45:00Z,6148.6,8741
2026-09-06T20:00:00.000+02:00,2026-09-06T18:00:00Z,5375.3,8741
2026-09-06T20:15:00.000+02:00,2026-09-06T18:15:00Z,5521.3,8741
2026-09-06T20:30:00.000+02:00,2026-09-06T18:30:00Z,5597.1,8741
2026-09-06T20:45:00.000+02:00,2026-09-06T18:45:00Z,5660.5,8741
2026-09-06T21:00:00.000+02:00,2026-09-06T19:00:00Z,5671.8,8741
2026-09-06T21:15:00.000+02:00,2026-09-06T19:15:00Z,5736.8,8741
2026-09-06T21:30:00.000+02:00,2026-09-06T19:30:00Z,5691.3,8741
2026-09-06T21:45:00.000+02:00,2026-09-06T19:45:00Z,5635.8,8741
2026-09-06T22:00:00.000+02:00,2026-09-06T20:00:00Z,5528.0,8741
2026-09-06T22:15:00.000+02:00,2026-09-06T20:15:00Z,5474.9,8741
2026-09-06T22:30:00.000+02:00,2026-09-06T20:30:00Z,5389.4,8741
2026-09-06T22:45:00.000+02:00,2026-09-06T20:45:00Z,5268.9,8741
2026-09-06T23:00:00.000+02:00,2026-09-06T21:00:00Z,5287.7,8741
2026-09-06T23:15:00.000+02:00,2026-09-06T21:15:00Z,5184.2,8741
2026-09-06T23:30:00.000+02:00,2026-09-06T21:30:00Z,5069.8,8741
