datetime_utc,precio_francia
2026-08-02 22:00:00+00:00,150.99
2026-08-02 22:15:00+00:00,146.65
2026-08-02 22:30:00+00:00,141.53
2026-08-02 22:45:00+00:00,138.43
2026-08-02 23:00:00+00:00,141.78
2026-08-02 23:15:00+00:00,137.83
2026-08-02 23:30:00+00:00,138.67
2026-08-02 23:45:00+00:00,135.76
2026-08-03 00:00:00+00:00,136.79
2026-08-03 00:15:00+00:00,134.91
2026-08-03 00:30:00+00:00,134.05
2026-08-03 00:45:00+00:00,133.34
2026-08-03 01:00:00+00:00,130.07
2026-08-03 01:15:00+00:00,129.14
2026-08-03 01:30:00+00:00,131.47
2026-08-03 01:45:00+00:00,133.25
2026-08-03 02:00:00+00:00,128.57
2026-08-03 02:15:00+00:00,131.02
2026-08-03 02:30:00+00:00,133.37
2026-08-03 02:45:00+00:00,137.19
2026-08-03 03:00:00+00:00,122.92
2026-08-03 03:15:00+00:00,136.63
2026-08-03 03:30:00+00:00,144.16
2026-08-03 03:45:00+00:00,151.13
2026-08-03 04:00:00+00:00,142.23
2026-08-03 04:15:00+00:00,158.26
2026-08-03 04:30:00+00:00,148.97
2026-08-03 04:45:00+00:00,148.13
2026-08-03 05:00:00+00:00,159.31
2026-08-03 05:15:00+00:00,162.5
2026-08-03 05:30:00+00:00,161.83
2026-08-03 05:45:00+00:00,155.63
2026-08-03 06:00:00+00:00,167.27
2026-08-03 06:15:00+00:00,156.95
2026-08-03 06:30:00+00:00,150.23
2026-08-03 06:45:00+00:00,125.55
2026-08-03 07:00:00+00:00,163.11
2026-08-03 07:15:00+00:00,134.68
2026-08-03 07:30:00+00:00,129.62
2026-08-03 07:45:00+00:00,124.91
2026-08-03 08:00:00+00:00,136.32
2026-08-03 08:15:00+00:00,123.52
2026-08-03 08:30:00+00:00,113.72
2026-08-03 08:45:00+00:00,91.12
2026-08-03 09:00:00+00:00,101.05
2026-08-03 09:15:00+00:00,101.8
2026-08-03 09:30:00+00:00,99.88
2026-08-03 09:45:00+00:00,92.84
2026-08-03 10:00:00+00:00,98.19
2026-08-03 10:15:00+00:00,94.15
2026-08-03 10:30:00+00:00,76.19
2026-08-03 10:45:00+00:00,34.26
2026-08-03 11:00:00+00:00,77.5
2026-08-03 11:15:00+00:00,53.96
2026-08-03 11:30:00+00:00,27.99
2026-08-03 11:45:00+00:00,29.51
2026-08-03 12:00:00+00:00,51.33
2026-08-03 12:15:00+00:00,45.87
2026-08-03 12:30:00+00:00,63.42
2026-08-03 12:45:00+00:00,75.0
2026-08-03 13:00:00+00:00,80.2
2026-08-03 13:15:00+00:00,80.04
2026-08-03 13:30:00+00:00,82.4
2026-08-03 13:45:00+00:00,85.2
2026-08-03 14:00:00+00:00,88.22
2026-08-03 14:15:00+00:00,96.86
2026-08-03 14:30:00+00:00,110.23
2026-08-03 14:45:00+00:00,124.69
2026-08-03 15:00:00+00:00,116.67
2026-08-03 15:15:00+00:00,124.63
2026-08-03 15:30:00+00:00,144.57
2026-08-03 15:45:00+00:00,163.85
2026-08-03 16:00:00+00:00,115.27
2026-08-03 16:15:00+00:00,151.65
2026-08-03 16:30:00+00:00,151.54
2026-08-03 16:45:00+00:00,181.52
2026-08-03 17:00:00+00:00,141.5
2026-08-03 17:15:00+00:00,178.34
2026-08-03 17:30:00+00:00,182.4
2026-08-03 17:45:00+00:00,196.68
2026-08-03 18:00:00+00:00,173.15
2026-08-03 18:15:00+00:00,183.36
2026-08-03 18:30:00+00:00,190.6
2026-08-03 18:45:00+00:00,201.97
2026-08-03 19:00:00+00:00,197.61
2026-08-03 19:15:00+00:00,189.77
2026-08-03 19:30:00+00:00,184.94
2026-08-03 19:45:00+00:00,173.2
2026-08-03 20:00:00+00:00,187.15
2026-08-03 20:15:00+00:00,178.66
2026-08-03 20:30:00+00:00,175.67
2026-08-03 20:45:00+00:00,167.61
2026-08-03 21:00:00+00:00,168.91
2026-08-03 21:15:00+00:00,162.03
2026-08-03 21:30:00+00:00,157.86
2026-08-03 21:45:00+00:00,148.63
2026-08-03 22:00:00+00:00,171.23
2026-08-03 22:15:00+00:00,154.76
2026-08-03 22:30:00+00:00,153.32
2026-08-03 22:45:00+00:00,145.49
2026-08-03 23:00:00+00:00,153.25
2026-08-03 23:15:00+00:00,146.75
2026-08-03 23:30:00+00:00,145.87
2026-08-03 23:45:00+00:00,141.43
2026-08-04 00:00:00+00:00,142.81
2026-08-04 00:15:00+00:00,142.2
2026-08-04 00:30:00+00:00,141.12
2026-08-04 00:45:00+00:00,136.59
2026-08-04 01:00:00+00:00,134.56
2026-08-04 01:15:00+00:00,129.52
2026-08-04 01:30:00+00:00,139.78
2026-08-04 01:45:00+00:00,140.03
2026-08-04 02:00:00+00:00,138.87
2026-08-04 02:15:00+00:00,135.58
2026-08-04 02:30:00+00:00,137.33
2026-08-04 02:45:00+00:00,131.19
2026-08-04 03:00:00+00:00,143.88
2026-08-04 03:15:00+00:00,138.87
2026-08-04 03:30:00+00:00,138.87
2026-08-04 03:45:00+00:00,145.34
2026-08-04 04:00:00+00:00,161.1
2026-08-04 04:15:00+00:00,166.05
2026-08-04 04:30:00+00:00,159.21
2026-08-04 04:45:00+00:00,166.48
2026-08-04 05:00:00+00:00,177.46
2026-08-04 05:15:00+00:00,172.31
2026-08-04 05:30:00+00:00,171.95
2026-08-04 05:45:00+00:00,154.78
2026-08-04 06:00:00+00:00,177.98
2026-08-04 06:15:00+00:00,168.1
2026-08-04 06:30:00+00:00,157.05
2026-08-04 06:45:00+00:00,142.83
2026-08-04 07:00:00+00:00,174.24
2026-08-04 07:15:00+00:00,156.6
2026-08-04 07:30:00+00:00,134.08
2026-08-04 07:45:00+00:00,121.23
2026-08-04 08:00:00+00:00,144.17
2026-08-04 08:15:00+00:00,123.36
2026-08-04 08:30:00+00:00,118.79
2026-08-04 08:45:00+00:00,115.72
2026-08-04 09:00:00+00:00,114.43
2026-08-04 09:15:00+00:00,106.83
2026-08-04 09:30:00+00:00,98.05
2026-08-04 09:45:00+00:00,96.17
2026-08-04 10:00:00+00:00,94.99
2026-08-04 10:15:00+00:00,85.7
2026-08-04 10:30:00+00:00,85.01
2026-08-04 10:45:00+00:00,83.55
2026-08-04 11:00:00+00:00,81.95
2026-08-04 11:15:00+00:00,80.59
2026-08-04 11:30:00+00:00,72.34
2026-08-04 11:45:00+00:00,70.98
2026-08-04 12:00:00+00:00,81.65
2026-08-04 12:15:00+00:00,84.32
2026-08-04 12:30:00+00:00,85.01
2026-08-04 12:45:00+00:00,85.27
2026-08-04 13:00:00+00:00,85.0
2026-08-04 13:15:00+00:00,83.55
2026-08-04 13:30:00+00:00,82.0
2026-08-04 13:45:00+00:00,80.27
2026-08-04 14:00:00+00:00,69.0
2026-08-04 14:15:00+00:00,79.4
2026-08-04 14:30:00+00:00,81.35
2026-08-04 14:45:00+00:00,82.25
2026-08-04 15:00:00+00:00,85.27
2026-08-04 15:15:00+00:00,96.47
2026-08-04 15:30:00+00:00,99.75
2026-08-04 15:45:00+00:00,114.95
2026-08-04 16:00:00+00:00,103.33
2026-08-04 16:15:00+00:00,114.82
2026-08-04 16:30:00+00:00,127.27
2026-08-04 16:45:00+00:00,142.59
2026-08-04 17:00:00+00:00,138.34
2026-08-04 17:15:00+00:00,156.07
2026-08-04 17:30:00+00:00,172.03
2026-08-04 17:45:00+00:00,184.47
2026-08-04 18:00:00+00:00,167.58
2026-08-04 18:15:00+00:00,185.21
2026-08-04 18:30:00+00:00,189.11
2026-08-04 18:45:00+00:00,191.17
2026-08-04 19:00:00+00:00,179.1
2026-08-04 19:15:00+00:00,178.9
2026-08-04 19:30:00+00:00,185.13
2026-08-04 19:45:00+00:00,182.87
2026-08-04 20:00:00+00:00,187.13
2026-08-04 20:15:00+00:00,179.12
2026-08-04 20:30:00+00:00,185.77
2026-08-04 20:45:00+00:00,177.12
2026-08-04 21:00:00+00:00,174.65
2026-08-04 21:15:00+00:00,168.13
2026-08-04 21:30:00+00:00,164.48
2026-08-04 21:45:00+00:00,152.24
2026-08-04 22:00:00+00:00,153.01
2026-08-04 22:15:00+00:00,156.5
2026-08-04 22:30:00+00:00,151.55
2026-08-04 22:45:00+00:00,149.44
2026-08-04 23:00:00+00:00,152.91
2026-08-04 23:15:00+00:00,145.52
2026-08-04 23:30:00+00:00,145.42
2026-08-04 23:45:00+00:00,144.6
2026-08-05 00:00:00+00:00,153.77
2026-08-05 00:15:00+00:00,146.26
2026-08-05 00:30:00+00:00,137.91
2026-08-05 00:45:00+00:00,119.55
2026-08-05 01:00:00+00:00,147.14
2026-08-05 01:15:00+00:00,135.07
2026-08-05 01:30:00+00:00,128.1
2026-08-05 01:45:00+00:00,119.0
2026-08-05 02:00:00+00:00,128.62
2026-08-05 02:15:00+00:00,123.01
2026-08-05 02:30:00+00:00,132.28
2026-08-05 02:45:00+00:00,123.85
2026-08-05 03:00:00+00:00,113.61
2026-08-05 03:15:00+00:00,126.01
2026-08-05 03:30:00+00:00,136.66
2026-08-05 03:45:00+00:00,146.58
2026-08-05 04:00:00+00:00,148.2
2026-08-05 04:15:00+00:00,153.97
2026-08-05 04:30:00+00:00,160.23
2026-08-05 04:45:00+00:00,157.0
2026-08-05 05:00:00+00:00,152.65
2026-08-05 05:15:00+00:00,159.76
2026-08-05 05:30:00+00:00,154.41
2026-08-05 05:45:00+00:00,136.0
2026-08-05 06:00:00+00:00,163.03
2026-08-05 06:15:00+00:00,147.91
2026-08-05 06:30:00+00:00,131.74
2026-08-05 06:45:00+00:00,116.9
2026-08-05 07:00:00+00:00,145.09
2026-08-05 07:15:00+00:00,120.15
2026-08-05 07:30:00+00:00,104.5
2026-08-05 07:45:00+00:00,78.41
2026-08-05 08:00:00+00:00,100.0
2026-08-05 08:15:00+00:00,85.71
2026-08-05 08:30:00+00:00,54.99
2026-08-05 08:45:00+00:00,18.51
2026-08-05 09:00:00+00:00,36.68
2026-08-05 09:15:00+00:00,17.61
2026-08-05 09:30:00+00:00,6.7
2026-08-05 09:45:00+00:00,4.74
2026-08-05 10:00:00+00:00,4.16
2026-08-05 10:15:00+00:00,0.56
2026-08-05 10:30:00+00:00,0.62
2026-08-05 10:45:00+00:00,0.0
2026-08-05 11:00:00+00:00,0.0
2026-08-05 11:15:00+00:00,0.0
2026-08-05 11:30:00+00:00,0.0
2026-08-05 11:45:00+00:00,0.0
2026-08-05 12:00:00+00:00,0.0
2026-08-05 12:15:00+00:00,0.0
2026-08-05 12:30:00+00:00,0.0
2026-08-05 12:45:00+00:00,0.0
2026-08-05 13:00:00+00:00,0.0
2026-08-05 13:15:00+00:00,0.0
2026-08-05 13:30:00+00:00,0.0
2026-08-05 13:45:00+00:00,0.0
2026-08-05 14:00:00+00:00,0.0
2026-08-05 14:15:00+00:00,0.0
2026-08-05 14:30:00+00:00,0.0
2026-08-05 14:45:00+00:00,0.0
2026-08-05 15:00:00+00:00,7.0
2026-08-05 15:15:00+00:00,35.0
2026-08-05 15:30:00+00:00,74.95
2026-08-05 15:45:00+00:00,84.05
2026-08-05 16:00:00+00:00,68.96
2026-08-05 16:15:00+00:00,97.0
2026-08-05 16:30:00+00:00,99.7
2026-08-05 16:45:00+00:00,115.14
2026-08-05 17:00:00+00:00,110.0
2026-08-05 17:15:00+00:00,130.0
2026-08-05 17:30:00+00:00,152.47
2026-08-05 17:45:00+00:00,166.48
2026-08-05 18:00:00+00:00,145.0
2026-08-05 18:15:00+00:00,158.29
2026-08-05 18:30:00+00:00,154.65
2026-08-05 18:45:00+00:00,156.23
2026-08-05 19:00:00+00:00,143.17
2026-08-05 19:15:00+00:00,148.64
2026-08-05 19:30:00+00:00,146.57
2026-08-05 19:45:00+00:00,140.66
2026-08-05 20:00:00+00:00,158.23
2026-08-05 20:15:00+00:00,153.47
2026-08-05 20:30:00+00:00,175.54
2026-08-05 20:45:00+00:00,169.35
2026-08-05 21:00:00+00:00,156.23
2026-08-05 21:15:00+00:00,151.48
2026-08-05 21:30:00+00:00,165.44
2026-08-05 21:45:00+00:00,147.2
2026-08-05 22:00:00+00:00,170.21
2026-08-05 22:15:00+00:00,161.41
2026-08-05 22:30:00+00:00,135.49
2026-08-05 22:45:00+00:00,143.29
2026-08-05 23:00:00+00:00,125.26
2026-08-05 23:15:00+00:00,135.36
2026-08-05 23:30:00+00:00,152.08
2026-08-05 23:45:00+00:00,128.41
2026-08-06 00:00:00+00:00,131.13
2026-08-06 00:15:00+00:00,129.81
2026-08-06 00:30:00+00:00,119.31
2026-08-06 00:45:00+00:00,108.2
2026-08-06 01:00:00+00:00,119.18
2026-08-06 01:15:00+00:00,111.27
2026-08-06 01:30:00+00:00,99.05
2026-08-06 01:45:00+00:00,109.3
2026-08-06 02:00:00+00:00,109.05
2026-08-06 02:15:00+00:00,103.33
2026-08-06 02:30:00+00:00,108.98
2026-08-06 02:45:00+00:00,115.9
2026-08-06 03:00:00+00:00,123.33
2026-08-06 03:15:00+00:00,114.75
2026-08-06 03:30:00+00:00,120.66
2026-08-06 03:45:00+00:00,138.31
2026-08-06 04:00:00+00:00,142.99
2026-08-06 04:15:00+00:00,143.06
2026-08-06 04:30:00+00:00,141.1
2026-08-06 04:45:00+00:00,153.08
2026-08-06 05:00:00+00:00,153.3
2026-08-06 05:15:00+00:00,153.21
2026-08-06 05:30:00+00:00,152.91
2026-08-06 05:45:00+00:00,131.66
2026-08-06 06:00:00+00:00,172.09
2026-08-06 06:15:00+00:00,146.6
2026-08-06 06:30:00+00:00,131.46
2026-08-06 06:45:00+00:00,110.77
2026-08-06 07:00:00+00:00,139.63
2026-08-06 07:15:00+00:00,110.0
2026-08-06 07:30:00+00:00,90.2
2026-08-06 07:45:00+00:00,50.0
2026-08-06 08:00:00+00:00,73.8
2026-08-06 08:15:00+00:00,40.0
2026-08-06 08:30:00+00:00,13.51
2026-08-06 08:45:00+00:00,3.78
2026-08-06 09:00:00+00:00,5.99
2026-08-06 09:15:00+00:00,4.87
2026-08-06 09:30:00+00:00,4.17
2026-08-06 09:45:00+00:00,1.95
2026-08-06 10:00:00+00:00,4.91
2026-08-06 10:15:00+00:00,5.0
2026-08-06 10:30:00+00:00,5.62
2026-08-06 10:45:00+00:00,5.01
2026-08-06 11:00:00+00:00,2.0
2026-08-06 11:15:00+00:00,2.0
2026-08-06 11:30:00+00:00,1.82
2026-08-06 11:45:00+00:00,1.5
2026-08-06 12:00:00+00:00,3.36
2026-08-06 12:15:00+00:00,3.32
2026-08-06 12:30:00+00:00,3.36
2026-08-06 12:45:00+00:00,2.0
2026-08-06 13:00:00+00:00,2.86
2026-08-06 13:15:00+00:00,2.2
2026-08-06 13:30:00+00:00,1.82
2026-08-06 13:45:00+00:00,2.2
2026-08-06 14:00:00+00:00,1.95
2026-08-06 14:15:00+00:00,2.81
2026-08-06 14:30:00+00:00,2.81
2026-08-06 14:45:00+00:00,6.76
2026-08-06 15:00:00+00:00,9.58
2026-08-06 15:15:00+00:00,35.26
2026-08-06 15:30:00+00:00,59.2
2026-08-06 15:45:00+00:00,80.04
2026-08-06 16:00:00+00:00,82.09
2026-08-06 16:15:00+00:00,96.82
2026-08-06 16:30:00+00:00,124.35
2026-08-06 16:45:00+00:00,145.24
2026-08-06 17:00:00+00:00,130.65
2026-08-06 17:15:00+00:00,141.72
2026-08-06 17:30:00+00:00,160.29
2026-08-06 17:45:00+00:00,173.07
2026-08-06 18:00:00+00:00,152.47
2026-08-06 18:15:00+00:00,170.0
2026-08-06 18:30:00+00:00,178.47
2026-08-06 18:45:00+00:00,185.08
2026-08-06 19:00:00+00:00,182.2
2026-08-06 19:15:00+00:00,181.29
2026-08-06 19:30:00+00:00,178.19
2026-08-06 19:45:00+00:00,171.29
2026-08-06 20:00:00+00:00,175.86
2026-08-06 20:15:00+00:00,174.6
2026-08-06 20:30:00+00:00,178.3
2026-08-06 20:45:00+00:00,169.35
2026-08-06 21:00:00+00:00,172.49
2026-08-06 21:15:00+00:00,164.35
2026-08-06 21:30:00+00:00,163.36
2026-08-06 21:45:00+00:00,156.29
2026-08-06 22:00:00+00:00,156.29
2026-08-06 22:15:00+00:00,150.83
2026-08-06 22:30:00+00:00,131.57
2026-08-06 22:45:00+00:00,121.51
2026-08-06 23:00:00+00:00,144.01
2026-08-06 23:15:00+00:00,139.49
2026-08-06 23:30:00+00:00,140.11
2026-08-06 23:45:00+00:00,137.0
2026-08-07 00:00:00+00:00,139.53
2026-08-07 00:15:00+00:00,130.86
2026-08-07 00:30:00+00:00,127.56
2026-08-07 00:45:00+00:00,116.04
2026-08-07 01:00:00+00:00,122.01
2026-08-07 01:15:00+00:00,117.84
2026-08-07 01:30:00+00:00,126.4
2026-08-07 01:45:00+00:00,125.11
2026-08-07 02:00:00+00:00,124.74
2026-08-07 02:15:00+00:00,118.07
2026-08-07 02:30:00+00:00,123.24
2026-08-07 02:45:00+00:00,130.34
2026-08-07 03:00:00+00:00,118.3
2026-08-07 03:15:00+00:00,128.94
2026-08-07 03:30:00+00:00,134.01
2026-08-07 03:45:00+00:00,142.52
2026-08-07 04:00:00+00:00,150.62
2026-08-07 04:15:00+00:00,150.58
2026-08-07 04:30:00+00:00,150.5
2026-08-07 04:45:00+00:00,156.79
2026-08-07 05:00:00+00:00,157.73
2026-08-07 05:15:00+00:00,159.4
2026-08-07 05:30:00+00:00,153.58
2026-08-07 05:45:00+00:00,135.3
2026-08-07 06:00:00+00:00,166.93
2026-08-07 06:15:00+00:00,151.33
2026-08-07 06:30:00+00:00,144.03
2026-08-07 06:45:00+00:00,121.29
2026-08-07 07:00:00+00:00,150.42
2026-08-07 07:15:00+00:00,130.12
2026-08-07 07:30:00+00:00,110.0
2026-08-07 07:45:00+00:00,93.88
2026-08-07 08:00:00+00:00,93.88
2026-08-07 08:15:00+00:00,77.35
2026-08-07 08:30:00+00:00,54.99
2026-08-07 08:45:00+00:00,38.66
2026-08-07 09:00:00+00:00,40.95
2026-08-07 09:15:00+00:00,37.45
2026-08-07 09:30:00+00:00,25.01
2026-08-07 09:45:00+00:00,20.02
2026-08-07 10:00:00+00:00,25.01
2026-08-07 10:15:00+00:00,20.02
2026-08-07 10:30:00+00:00,16.75
2026-08-07 10:45:00+00:00,20.02
2026-08-07 11:00:00+00:00,15.0
2026-08-07 11:15:00+00:00,6.01
2026-08-07 11:30:00+00:00,3.93
2026-08-07 11:45:00+00:00,5.0
2026-08-07 12:00:00+00:00,9.79
2026-08-07 12:15:00+00:00,11.77
2026-08-07 12:30:00+00:00,16.48
2026-08-07 12:45:00+00:00,20.02
2026-08-07 13:00:00+00:00,20.52
2026-08-07 13:15:00+00:00,17.17
2026-08-07 13:30:00+00:00,14.26
2026-08-07 13:45:00+00:00,20.02
2026-08-07 14:00:00+00:00,11.29
2026-08-07 14:15:00+00:00,24.18
2026-08-07 14:30:00+00:00,36.82
2026-08-07 14:45:00+00:00,41.32
2026-08-07 15:00:00+00:00,62.9
2026-08-07 15:15:00+00:00,77.65
2026-08-07 15:30:00+00:00,90.04
2026-08-07 15:45:00+00:00,96.19
2026-08-07 16:00:00+00:00,96.19
2026-08-07 16:15:00+00:00,112.55
2026-08-07 16:30:00+00:00,132.95
2026-08-07 16:45:00+00:00,151.99
2026-08-07 17:00:00+00:00,125.0
2026-08-07 17:15:00+00:00,149.63
2026-08-07 17:30:00+00:00,159.08
2026-08-07 17:45:00+00:00,167.59
2026-08-07 18:00:00+00:00,154.27
2026-08-07 18:15:00+00:00,165.76
2026-08-07 18:30:00+00:00,169.83
2026-08-07 18:45:00+00:00,158.5
2026-08-07 19:00:00+00:00,172.35
2026-08-07 19:15:00+00:00,163.57
2026-08-07 19:30:00+00:00,168.09
2026-08-07 19:45:00+00:00,148.48
2026-08-07 20:00:00+00:00,171.1
2026-08-07 20:15:00+00:00,161.88
2026-08-07 20:30:00+00:00,175.05
2026-08-07 20:45:00+00:00,170.03
2026-08-07 21:00:00+00:00,171.9
2026-08-07 21:15:00+00:00,153.89
2026-08-07 21:30:00+00:00,161.78
2026-08-07 21:45:00+00:00,140.06
2026-08-07 22:00:00+00:00,163.61
2026-08-07 22:15:00+00:00,151.73
2026-08-07 22:30:00+00:00,146.23
2026-08-07 22:45:00+00:00,139.23
2026-08-07 23:00:00+00:00,155.2
2026-08-07 23:15:00+00:00,145.11
2026-08-07 23:30:00+00:00,139.51
2026-08-07 23:45:00+00:00,128.15
2026-08-08 00:00:00+00:00,140.95
2026-08-08 00:15:00+00:00,135.0
2026-08-08 00:30:00+00:00,132.45
2026-08-08 00:45:00+00:00,125.52
2026-08-08 01:00:00+00:00,124.97
2026-08-08 01:15:00+00:00,117.64
2026-08-08 01:30:00+00:00,114.34
2026-08-08 01:45:00+00:00,121.56
2026-08-08 02:00:00+00:00,119.17
2026-08-08 02:15:00+00:00,124.89
2026-08-08 02:30:00+00:00,100.94
2026-08-08 02:45:00+00:00,124.29
2026-08-08 03:00:00+00:00,124.4
2026-08-08 03:15:00+00:00,134.08
2026-08-08 03:30:00+00:00,136.32
2026-08-08 03:45:00+00:00,126.68
2026-08-08 04:00:00+00:00,145.99
2026-08-08 04:15:00+00:00,147.36
2026-08-08 04:30:00+00:00,143.93
2026-08-08 04:45:00+00:00,137.72
2026-08-08 05:00:00+00:00,155.0
2026-08-08 05:15:00+00:00,142.87
2026-08-08 05:30:00+00:00,134.9
2026-08-08 05:45:00+00:00,118.02
2026-08-08 06:00:00+00:00,145.88
2026-08-08 06:15:00+00:00,124.56
2026-08-08 06:30:00+00:00,106.7
2026-08-08 06:45:00+00:00,82.99
2026-08-08 07:00:00+00:00,107.54
2026-08-08 07:15:00+00:00,87.67
2026-08-08 07:30:00+00:00,44.94
2026-08-08 07:45:00+00:00,10.03
2026-08-08 08:00:00+00:00,12.32
2026-08-08 08:15:00+00:00,3.21
2026-08-08 08:30:00+00:00,0.05
2026-08-08 08:45:00+00:00,0.13
2026-08-08 09:00:00+00:00,-0.01
2026-08-08 09:15:00+00:00,-0.01
2026-08-08 09:30:00+00:00,-0.09
2026-08-08 09:45:00+00:00,-0.1
2026-08-08 10:00:00+00:00,-1.79
2026-08-08 10:15:00+00:00,-2.7
2026-08-08 10:30:00+00:00,-3.98
2026-08-08 10:45:00+00:00,-5.19
2026-08-08 11:00:00+00:00,-5.41
2026-08-08 11:15:00+00:00,-5.97
2026-08-08 11:30:00+00:00,-7.79
2026-08-08 11:45:00+00:00,-7.51
2026-08-08 12:00:00+00:00,-11.28
2026-08-08 12:15:00+00:00,-7.06
2026-08-08 12:30:00+00:00,-5.55
2026-08-08 12:45:00+00:00,-0.11
2026-08-08 13:00:00+00:00,-0.11
2026-08-08 13:15:00+00:00,-0.04
2026-08-08 13:30:00+00:00,-0.09
2026-08-08 13:45:00+00:00,-0.01
2026-08-08 14:00:00+00:00,-0.01
2026-08-08 14:15:00+00:00,-0.01
2026-08-08 14:30:00+00:00,0.0
2026-08-08 14:45:00+00:00,0.01
2026-08-08 15:00:00+00:00,2.29
2026-08-08 15:15:00+00:00,22.86
2026-08-08 15:30:00+00:00,49.22
2026-08-08 15:45:00+00:00,127.33
2026-08-08 16:00:00+00:00,69.01
2026-08-08 16:15:00+00:00,110.63
2026-08-08 16:30:00+00:00,137.92
2026-08-08 16:45:00+00:00,163.0
2026-08-08 17:00:00+00:00,148.18
2026-08-08 17:15:00+00:00,159.76
2026-08-08 17:30:00+00:00,159.2
2026-08-08 17:45:00+00:00,180.01
2026-08-08 18:00:00+00:00,161.98
2026-08-08 18:15:00+00:00,177.0
2026-08-08 18:30:00+00:00,181.62
2026-08-08 18:45:00+00:00,183.74
2026-08-08 19:00:00+00:00,182.92
2026-08-08 19:15:00+00:00,187.33
2026-08-08 19:30:00+00:00,178.53
2026-08-08 19:45:00+00:00,165.64
2026-08-08 20:00:00+00:00,185.18
2026-08-08 20:15:00+00:00,170.48
2026-08-08 20:30:00+00:00,167.9
2026-08-08 20:45:00+00:00,159.84
2026-08-08 21:00:00+00:00,161.96
2026-08-08 21:15:00+00:00,155.9
2026-08-08 21:30:00+00:00,155.25
2026-08-08 21:45:00+00:00,144.57
2026-08-08 22:00:00+00:00,155.2
2026-08-08 22:15:00+00:00,147.95
2026-08-08 22:30:00+00:00,143.81
2026-08-08 22:45:00+00:00,134.14
2026-08-08 23:00:00+00:00,139.99
2026-08-08 23:15:00+00:00,140.12
2026-08-08 23:30:00+00:00,141.23
2026-08-08 23:45:00+00:00,136.04
2026-08-09 00:00:00+00:00,141.06
2026-08-09 00:15:00+00:00,136.28
2026-08-09 00:30:00+00:00,135.19
2026-08-09 00:45:00+00:00,133.24
2026-08-09 01:00:00+00:00,135.01
2026-08-09 01:15:00+00:00,134.87
2026-08-09 01:30:00+00:00,133.57
2026-08-09 01:45:00+00:00,132.35
2026-08-09 02:00:00+00:00,133.52
2026-08-09 02:15:00+00:00,134.92
2026-08-09 02:30:00+00:00,133.86
2026-08-09 02:45:00+00:00,133.81
2026-08-09 03:00:00+00:00,136.99
2026-08-09 03:15:00+00:00,134.99
2026-08-09 03:30:00+00:00,135.7
2026-08-09 03:45:00+00:00,132.32
2026-08-09 04:00:00+00:00,143.37
2026-08-09 04:15:00+00:00,134.18
2026-08-09 04:30:00+00:00,128.88
2026-08-09 04:45:00+00:00,120.76
2026-08-09 05:00:00+00:00,133.27
2026-08-09 05:15:00+00:00,123.65
2026-08-09 05:30:00+00:00,113.88
2026-08-09 05:45:00+00:00,103.53
2026-08-09 06:00:00+00:00,115.96
2026-08-09 06:15:00+00:00,106.41
2026-08-09 06:30:00+00:00,83.53
2026-08-09 06:45:00+00:00,60.01
2026-08-09 07:00:00+00:00,71.97
2026-08-09 07:15:00+00:00,30.0
2026-08-09 07:30:00+00:00,4.99
2026-08-09 07:45:00+00:00,0.69
2026-08-09 08:00:00+00:00,1.13
2026-08-09 08:15:00+00:00,0.15
2026-08-09 08:30:00+00:00,0.01
2026-08-09 08:45:00+00:00,0.0
2026-08-09 09:00:00+00:00,0.0
2026-08-09 09:15:00+00:00,-0.01
2026-08-09 09:30:00+00:00,-0.02
2026-08-09 09:45:00+00:00,-0.03
2026-08-09 10:00:00+00:00,-0.02
2026-08-09 10:15:00+00:00,-0.03
2026-08-09 10:30:00+00:00,-0.05
2026-08-09 10:45:00+00:00,-0.07
2026-08-09 11:00:00+00:00,-0.1
2026-08-09 11:15:00+00:00,-0.1
2026-08-09 11:30:00+00:00,-0.11
2026-08-09 11:45:00+00:00,-0.11
2026-08-09 12:00:00+00:00,-0.1
2026-08-09 12:15:00+00:00,-0.1
2026-08-09 12:30:00+00:00,-0.09
2026-08-09 12:45:00+00:00,-0.1
2026-08-09 13:00:00+00:00,-0.02
2026-08-09 13:15:00+00:00,-0.01
2026-08-09 13:30:00+00:00,-0.01
2026-08-09 13:45:00+00:00,0.0
2026-08-09 14:00:00+00:00,0.0
2026-08-09 14:15:00+00:00,0.01
2026-08-09 14:30:00+00:00,0.62
2026-08-09 14:45:00+00:00,17.8
2026-08-09 15:00:00+00:00,6.83
2026-08-09 15:15:00+00:00,27.94
2026-08-09 15:30:00+00:00,50.64
2026-08-09 15:45:00+00:00,99.52
2026-08-09 16:00:00+00:00,111.23
2026-08-09 16:15:00+00:00,110.45
2026-08-09 16:30:00+00:00,141.29
2026-08-09 16:45:00+00:00,143.56
2026-08-09 17:00:00+00:00,131.53
2026-08-09 17:15:00+00:00,145.04
2026-08-09 17:30:00+00:00,141.13
2026-08-09 17:45:00+00:00,171.1
2026-08-09 18:00:00+00:00,144.47
2026-08-09 18:15:00+00:00,160.22
2026-08-09 18:30:00+00:00,171.62
2026-08-09 18:45:00+00:00,175.73
2026-08-09 19:00:00+00:00,175.23
2026-08-09 19:15:00+00:00,175.73
2026-08-09 19:30:00+00:00,175.31
2026-08-09 19:45:00+00:00,170.26
2026-08-09 20:00:00+00:00,174.05
2026-08-09 20:15:00+00:00,171.1
2026-08-09 20:30:00+00:00,170.89
2026-08-09 20:45:00+00:00,163.96
2026-08-09 21:00:00+00:00,164.61
2026-08-09 21:15:00+00:00,158.35
2026-08-09 21:30:00+00:00,158.37
2026-08-09 21:45:00+00:00,149.37
2026-08-09 22:00:00+00:00,155.03
2026-08-09 22:15:00+00:00,151.91
2026-08-09 22:30:00+00:00,144.02
2026-08-09 22:45:00+00:00,135.84
2026-08-09 23:00:00+00:00,147.14
2026-08-09 23:15:00+00:00,140.17
2026-08-09 23:30:00+00:00,137.32
2026-08-09 23:45:00+00:00,130.84
2026-08-10 00:00:00+00:00,136.86
2026-08-10 00:15:00+00:00,133.69
2026-08-10 00:30:00+00:00,130.57
2026-08-10 00:45:00+00:00,127.71
2026-08-10 01:00:00+00:00,126.99
2026-08-10 01:15:00+00:00,128.05
2026-08-10 01:30:00+00:00,127.26
2026-08-10 01:45:00+00:00,127.09
2026-08-10 02:00:00+00:00,125.18
2026-08-10 02:15:00+00:00,127.14
2026-08-10 02:30:00+00:00,127.6
2026-08-10 02:45:00+00:00,130.35
2026-08-10 03:00:00+00:00,131.62
2026-08-10 03:15:00+00:00,139.38
2026-08-10 03:30:00+00:00,148.31
2026-08-10 03:45:00+00:00,152.99
2026-08-10 04:00:00+00:00,157.75
2026-08-10 04:15:00+00:00,165.0
2026-08-10 04:30:00+00:00,165.38
2026-08-10 04:45:00+00:00,165.17
2026-08-10 05:00:00+00:00,170.28
2026-08-10 05:15:00+00:00,170.0
2026-08-10 05:30:00+00:00,162.88
2026-08-10 05:45:00+00:00,155.95
2026-08-10 06:00:00+00:00,179.91
2026-08-10 06:15:00+00:00,165.0
2026-08-10 06:30:00+00:00,155.08
2026-08-10 06:45:00+00:00,143.55
2026-08-10 07:00:00+00:00,163.56
2026-08-10 07:15:00+00:00,151.97
2026-08-10 07:30:00+00:00,125.53
2026-08-10 07:45:00+00:00,114.47
2026-08-10 08:00:00+00:00,133.73
2026-08-10 08:15:00+00:00,115.0
2026-08-10 08:30:00+00:00,105.79
2026-08-10 08:45:00+00:00,93.07
2026-08-10 09:00:00+00:00,99.24
2026-08-10 09:15:00+00:00,87.54
2026-08-10 09:30:00+00:00,71.62
2026-08-10 09:45:00+00:00,61.64
2026-08-10 10:00:00+00:00,64.04
2026-08-10 10:15:00+00:00,64.94
2026-08-10 10:30:00+00:00,69.48
2026-08-10 10:45:00+00:00,51.89
2026-08-10 11:00:00+00:00,36.75
2026-08-10 11:15:00+00:00,33.49
2026-08-10 11:30:00+00:00,25.0
2026-08-10 11:45:00+00:00,25.0
2026-08-10 12:00:00+00:00,34.24
2026-08-10 12:15:00+00:00,30.61
2026-08-10 12:30:00+00:00,36.33
2026-08-10 12:45:00+00:00,38.62
2026-08-10 13:00:00+00:00,25.0
2026-08-10 13:15:00+00:00,34.69
2026-08-10 13:30:00+00:00,45.22
2026-08-10 13:45:00+00:00,77.81
2026-08-10 14:00:00+00:00,25.0
2026-08-10 14:15:00+00:00,49.17
2026-08-10 14:30:00+00:00,75.61
2026-08-10 14:45:00+00:00,99.4
2026-08-10 15:00:00+00:00,78.32
2026-08-10 15:15:00+00:00,112.99
2026-08-10 15:30:00+00:00,122.88
2026-08-10 15:45:00+00:00,152.41
2026-08-10 16:00:00+00:00,133.17
2026-08-10 16:15:00+00:00,142.18
2026-08-10 16:30:00+00:00,154.54
2026-08-10 16:45:00+00:00,170.79
2026-08-10 17:00:00+00:00,159.97
2026-08-10 17:15:00+00:00,170.47
2026-08-10 17:30:00+00:00,179.48
2026-08-10 17:45:00+00:00,204.2
2026-08-10 18:00:00+00:00,177.77
2026-08-10 18:15:00+00:00,182.63
2026-08-10 18:30:00+00:00,192.25
2026-08-10 18:45:00+00:00,200.31
2026-08-10 19:00:00+00:00,207.58
2026-08-10 19:15:00+00:00,193.01
2026-08-10 19:30:00+00:00,180.79
2026-08-10 19:45:00+00:00,165.82
2026-08-10 20:00:00+00:00,187.32
2026-08-10 20:15:00+00:00,173.58
2026-08-10 20:30:00+00:00,173.7
2026-08-10 20:45:00+00:00,165.41
2026-08-10 21:00:00+00:00,164.66
2026-08-10 21:15:00+00:00,159.31
2026-08-10 21:30:00+00:00,159.57
2026-08-10 21:45:00+00:00,145.43
2026-08-10 22:00:00+00:00,159.12
2026-08-10 22:15:00+00:00,154.99
2026-08-10 22:30:00+00:00,144.06
2026-08-10 22:45:00+00:00,127.81
2026-08-10 23:00:00+00:00,149.11
2026-08-10 23:15:00+00:00,144.82
2026-08-10 23:30:00+00:00,150.8
2026-08-10 23:45:00+00:00,142.59
2026-08-11 00:00:00+00:00,149.42
2026-08-11 00:15:00+00:00,140.34
2026-08-11 00:30:00+00:00,137.84
2026-08-11 00:45:00+00:00,135.39
2026-08-11 01:00:00+00:00,133.98
2026-08-11 01:15:00+00:00,134.44
2026-08-11 01:30:00+00:00,133.01
2026-08-11 01:45:00+00:00,131.75
2026-08-11 02:00:00+00:00,129.97
2026-08-11 02:15:00+00:00,131.88
2026-08-11 02:30:00+00:00,134.88
2026-08-11 02:45:00+00:00,138.86
2026-08-11 03:00:00+00:00,131.29
2026-08-11 03:15:00+00:00,138.11
2026-08-11 03:30:00+00:00,147.28
2026-08-11 03:45:00+00:00,157.73
2026-08-11 04:00:00+00:00,158.01
2026-08-11 04:15:00+00:00,159.83
2026-08-11 04:30:00+00:00,160.45
2026-08-11 04:45:00+00:00,159.46
2026-08-11 05:00:00+00:00,169.3
2026-08-11 05:15:00+00:00,163.63
2026-08-11 05:30:00+00:00,157.21
2026-08-11 05:45:00+00:00,148.65
2026-08-11 06:00:00+00:00,165.94
2026-08-11 06:15:00+00:00,153.85
2026-08-11 06:30:00+00:00,143.43
2026-08-11 06:45:00+00:00,119.97
2026-08-11 07:00:00+00:00,146.03
2026-08-11 07:15:00+00:00,118.54
2026-08-11 07:30:00+00:00,106.21
2026-08-11 07:45:00+00:00,80.12
2026-08-11 08:00:00+00:00,99.42
2026-08-11 08:15:00+00:00,75.13
2026-08-11 08:30:00+00:00,41.28
2026-08-11 08:45:00+00:00,24.02
2026-08-11 09:00:00+00:00,31.21
2026-08-11 09:15:00+00:00,26.15
2026-08-11 09:30:00+00:00,24.0
2026-08-11 09:45:00+00:00,19.17
2026-08-11 10:00:00+00:00,19.76
2026-08-11 10:15:00+00:00,12.47
2026-08-11 10:30:00+00:00,12.14
2026-08-11 10:45:00+00:00,12.73
2026-08-11 11:00:00+00:00,12.3
2026-08-11 11:15:00+00:00,12.85
2026-08-11 11:30:00+00:00,11.76
2026-08-11 11:45:00+00:00,10.82
2026-08-11 12:00:00+00:00,9.4
2026-08-11 12:15:00+00:00,15.86
2026-08-11 12:30:00+00:00,21.39
2026-08-11 12:45:00+00:00,26.51
2026-08-11 13:00:00+00:00,14.09
2026-08-11 13:15:00+00:00,19.55
2026-08-11 13:30:00+00:00,24.89
2026-08-11 13:45:00+00:00,32.61
2026-08-11 14:00:00+00:00,22.4
2026-08-11 14:15:00+00:00,30.96
2026-08-11 14:30:00+00:00,69.94
2026-08-11 14:45:00+00:00,96.65
2026-08-11 15:00:00+00:00,84.25
2026-08-11 15:15:00+00:00,109.32
2026-08-11 15:30:00+00:00,125.78
2026-08-11 15:45:00+00:00,143.86
2026-08-11 16:00:00+00:00,122.32
2026-08-11 16:15:00+00:00,147.41
2026-08-11 16:30:00+00:00,160.14
2026-08-11 16:45:00+00:00,170.3
2026-08-11 17:00:00+00:00,155.59
2026-08-11 17:15:00+00:00,166.57
2026-08-11 17:30:00+00:00,184.4
2026-08-11 17:45:00+00:00,209.42
2026-08-11 18:00:00+00:00,171.51
2026-08-11 18:15:00+00:00,180.78
2026-08-11 18:30:00+00:00,197.82
2026-08-11 18:45:00+00:00,205.89
2026-08-11 19:00:00+00:00,206.71
2026-08-11 19:15:00+00:00,183.44
2026-08-11 19:30:00+00:00,175.81
2026-08-11 19:45:00+00:00,146.04
2026-08-11 20:00:00+00:00,172.24
2026-08-11 20:15:00+00:00,160.27
2026-08-11 20:30:00+00:00,172.6
2026-08-11 20:45:00+00:00,167.44
2026-08-11 21:00:00+00:00,164.11
2026-08-11 21:15:00+00:00,147.13
2026-08-11 21:30:00+00:00,152.81
2026-08-11 21:45:00+00:00,148.62
