datetime_utc,precio_es
2026-08-02 22:00:00+00:00,182.92
2026-08-02 22:15:00+00:00,182.4
2026-08-02 22:30:00+00:00,181.92
2026-08-02 22:45:00+00:00,180.92
2026-08-02 23:00:00+00:00,179.92
2026-08-02 23:15:00+00:00,176.64
2026-08-02 23:30:00+00:00,178.23
2026-08-02 23:45:00+00:00,173.97
2026-08-03 00:00:00+00:00,173.97
2026-08-03 00:15:00+00:00,173.26
2026-08-03 00:30:00+00:00,173.85
2026-08-03 00:45:00+00:00,170.59
2026-08-03 01:00:00+00:00,165.99
2026-08-03 01:15:00+00:00,165.0
2026-08-03 01:30:00+00:00,165.0
2026-08-03 01:45:00+00:00,164.0
2026-08-03 02:00:00+00:00,162.24
2026-08-03 02:15:00+00:00,160.92
2026-08-03 02:30:00+00:00,164.0
2026-08-03 02:45:00+00:00,165.0
2026-08-03 03:00:00+00:00,166.1
2026-08-03 03:15:00+00:00,171.07
2026-08-03 03:30:00+00:00,173.85
2026-08-03 03:45:00+00:00,179.87
2026-08-03 04:00:00+00:00,181.92
2026-08-03 04:15:00+00:00,182.88
2026-08-03 04:30:00+00:00,183.36
2026-08-03 04:45:00+00:00,183.42
2026-08-03 05:00:00+00:00,183.6
2026-08-03 05:15:00+00:00,185.3
2026-08-03 05:30:00+00:00,185.3
2026-08-03 05:45:00+00:00,183.6
2026-08-03 06:00:00+00:00,183.42
2026-08-03 06:15:00+00:00,182.88
2026-08-03 06:30:00+00:00,178.23
2026-08-03 06:45:00+00:00,158.63
2026-08-03 07:00:00+00:00,171.66
2026-08-03 07:15:00+00:00,171.66
2026-08-03 07:30:00+00:00,179.92
2026-08-03 07:45:00+00:00,169.34
2026-08-03 08:00:00+00:00,173.85
2026-08-03 08:15:00+00:00,155.32
2026-08-03 08:30:00+00:00,140.0
2026-08-03 08:45:00+00:00,131.99
2026-08-03 09:00:00+00:00,115.4
2026-08-03 09:15:00+00:00,114.75
2026-08-03 09:30:00+00:00,99.88
2026-08-03 09:45:00+00:00,98.19
2026-08-03 10:00:00+00:00,98.19
2026-08-03 10:15:00+00:00,95.4
2026-08-03 10:30:00+00:00,90.0
2026-08-03 10:45:00+00:00,89.2
2026-08-03 11:00:00+00:00,85.2
2026-08-03 11:15:00+00:00,84.25
2026-08-03 11:30:00+00:00,83.55
2026-08-03 11:45:00+00:00,81.8
2026-08-03 12:00:00+00:00,82.25
2026-08-03 12:15:00+00:00,81.8
2026-08-03 12:30:00+00:00,81.35
2026-08-03 12:45:00+00:00,75.0
2026-08-03 13:00:00+00:00,80.2
2026-08-03 13:15:00+00:00,80.04
2026-08-03 13:30:00+00:00,82.4
2026-08-03 13:45:00+00:00,85.2
2026-08-03 14:00:00+00:00,88.22
2026-08-03 14:15:00+00:00,96.86
2026-08-03 14:30:00+00:00,98.19
2026-08-03 14:45:00+00:00,98.4
2026-08-03 15:00:00+00:00,100.0
2026-08-03 15:15:00+00:00,110.3
2026-08-03 15:30:00+00:00,115.01
2026-08-03 15:45:00+00:00,115.4
2026-08-03 16:00:00+00:00,115.27
2026-08-03 16:15:00+00:00,135.0
2026-08-03 16:30:00+00:00,145.0
2026-08-03 16:45:00+00:00,156.52
2026-08-03 17:00:00+00:00,139.45
2026-08-03 17:15:00+00:00,170.0
2026-08-03 17:30:00+00:00,182.4
2026-08-03 17:45:00+00:00,183.12
2026-08-03 18:00:00+00:00,173.15
2026-08-03 18:15:00+00:00,183.36
2026-08-03 18:30:00+00:00,190.6
2026-08-03 18:45:00+00:00,201.97
2026-08-03 19:00:00+00:00,201.97
2026-08-03 19:15:00+00:00,212.3
2026-08-03 19:30:00+00:00,222.69
2026-08-03 19:45:00+00:00,215.77
2026-08-03 20:00:00+00:00,203.01
2026-08-03 20:15:00+00:00,201.01
2026-08-03 20:30:00+00:00,196.42
2026-08-03 20:45:00+00:00,190.0
2026-08-03 21:00:00+00:00,194.42
2026-08-03 21:15:00+00:00,190.0
2026-08-03 21:30:00+00:00,187.05
2026-08-03 21:45:00+00:00,184.4
2026-08-03 22:00:00+00:00,185.71
2026-08-03 22:15:00+00:00,185.21
2026-08-03 22:30:00+00:00,184.47
2026-08-03 22:45:00+00:00,183.67
2026-08-03 23:00:00+00:00,183.67
2026-08-03 23:15:00+00:00,183.21
2026-08-03 23:30:00+00:00,182.95
2026-08-03 23:45:00+00:00,182.47
2026-08-04 00:00:00+00:00,182.21
2026-08-04 00:15:00+00:00,179.87
2026-08-04 00:30:00+00:00,180.01
2026-08-04 00:45:00+00:00,179.87
2026-08-04 01:00:00+00:00,170.0
2026-08-04 01:15:00+00:00,166.38
2026-08-04 01:30:00+00:00,165.3
2026-08-04 01:45:00+00:00,164.99
2026-08-04 02:00:00+00:00,165.3
2026-08-04 02:15:00+00:00,164.95
2026-08-04 02:30:00+00:00,165.0
2026-08-04 02:45:00+00:00,165.3
2026-08-04 03:00:00+00:00,164.68
2026-08-04 03:15:00+00:00,171.07
2026-08-04 03:30:00+00:00,174.02
2026-08-04 03:45:00+00:00,180.01
2026-08-04 04:00:00+00:00,182.47
2026-08-04 04:15:00+00:00,182.71
2026-08-04 04:30:00+00:00,183.43
2026-08-04 04:45:00+00:00,184.21
2026-08-04 05:00:00+00:00,185.21
2026-08-04 05:15:00+00:00,185.71
2026-08-04 05:30:00+00:00,185.29
2026-08-04 05:45:00+00:00,183.21
2026-08-04 06:00:00+00:00,184.21
2026-08-04 06:15:00+00:00,183.21
2026-08-04 06:30:00+00:00,179.51
2026-08-04 06:45:00+00:00,152.47
2026-08-04 07:00:00+00:00,174.24
2026-08-04 07:15:00+00:00,156.6
2026-08-04 07:30:00+00:00,134.08
2026-08-04 07:45:00+00:00,121.23
2026-08-04 08:00:00+00:00,130.1
2026-08-04 08:15:00+00:00,113.73
2026-08-04 08:30:00+00:00,98.26
2026-08-04 08:45:00+00:00,87.14
2026-08-04 09:00:00+00:00,98.26
2026-08-04 09:15:00+00:00,98.05
2026-08-04 09:30:00+00:00,98.05
2026-08-04 09:45:00+00:00,96.17
2026-08-04 10:00:00+00:00,94.99
2026-08-04 10:15:00+00:00,85.7
2026-08-04 10:30:00+00:00,85.01
2026-08-04 10:45:00+00:00,83.55
2026-08-04 11:00:00+00:00,81.95
2026-08-04 11:15:00+00:00,80.59
2026-08-04 11:30:00+00:00,72.34
2026-08-04 11:45:00+00:00,70.98
2026-08-04 12:00:00+00:00,81.65
2026-08-04 12:15:00+00:00,84.32
2026-08-04 12:30:00+00:00,85.01
2026-08-04 12:45:00+00:00,85.27
2026-08-04 13:00:00+00:00,85.0
2026-08-04 13:15:00+00:00,83.55
2026-08-04 13:30:00+00:00,82.0
2026-08-04 13:45:00+00:00,80.27
2026-08-04 14:00:00+00:00,69.0
2026-08-04 14:15:00+00:00,79.4
2026-08-04 14:30:00+00:00,81.35
2026-08-04 14:45:00+00:00,82.25
2026-08-04 15:00:00+00:00,85.27
2026-08-04 15:15:00+00:00,96.47
2026-08-04 15:30:00+00:00,99.75
2026-08-04 15:45:00+00:00,114.95
2026-08-04 16:00:00+00:00,103.33
2026-08-04 16:15:00+00:00,114.82
2026-08-04 16:30:00+00:00,123.97
2026-08-04 16:45:00+00:00,142.59
2026-08-04 17:00:00+00:00,122.99
2026-08-04 17:15:00+00:00,152.47
2026-08-04 17:30:00+00:00,172.03
2026-08-04 17:45:00+00:00,184.47
2026-08-04 18:00:00+00:00,167.58
2026-08-04 18:15:00+00:00,185.21
2026-08-04 18:30:00+00:00,196.71
2026-08-04 18:45:00+00:00,206.72
2026-08-04 19:00:00+00:00,201.82
2026-08-04 19:15:00+00:00,212.01
2026-08-04 19:30:00+00:00,212.52
2026-08-04 19:45:00+00:00,207.5
2026-08-04 20:00:00+00:00,200.0
2026-08-04 20:15:00+00:00,199.47
2026-08-04 20:30:00+00:00,195.71
2026-08-04 20:45:00+00:00,189.21
2026-08-04 21:00:00+00:00,187.63
2026-08-04 21:15:00+00:00,185.71
2026-08-04 21:30:00+00:00,185.21
2026-08-04 21:45:00+00:00,183.43
2026-08-04 22:00:00+00:00,184.99
2026-08-04 22:15:00+00:00,183.6
2026-08-04 22:30:00+00:00,183.12
2026-08-04 22:45:00+00:00,182.4
2026-08-04 23:00:00+00:00,181.36
2026-08-04 23:15:00+00:00,179.61
2026-08-04 23:30:00+00:00,169.52
2026-08-04 23:45:00+00:00,165.0
2026-08-05 00:00:00+00:00,164.57
2026-08-05 00:15:00+00:00,164.6
2026-08-05 00:30:00+00:00,165.3
2026-08-05 00:45:00+00:00,164.59
2026-08-05 01:00:00+00:00,165.3
2026-08-05 01:15:00+00:00,165.02
2026-08-05 01:30:00+00:00,165.0
2026-08-05 01:45:00+00:00,164.55
2026-08-05 02:00:00+00:00,165.3
2026-08-05 02:15:00+00:00,164.56
2026-08-05 02:30:00+00:00,165.0
2026-08-05 02:45:00+00:00,165.78
2026-08-05 03:00:00+00:00,169.44
2026-08-05 03:15:00+00:00,171.44
2026-08-05 03:30:00+00:00,171.44
2026-08-05 03:45:00+00:00,179.6
2026-08-05 04:00:00+00:00,171.73
2026-08-05 04:15:00+00:00,180.0
2026-08-05 04:30:00+00:00,182.4
2026-08-05 04:45:00+00:00,183.12
2026-08-05 05:00:00+00:00,186.27
2026-08-05 05:15:00+00:00,186.41
2026-08-05 05:30:00+00:00,186.27
2026-08-05 05:45:00+00:00,184.4
2026-08-05 06:00:00+00:00,183.6
2026-08-05 06:15:00+00:00,165.0
2026-08-05 06:30:00+00:00,159.24
2026-08-05 06:45:00+00:00,152.47
2026-08-05 07:00:00+00:00,159.45
2026-08-05 07:15:00+00:00,136.02
2026-08-05 07:30:00+00:00,115.01
2026-08-05 07:45:00+00:00,97.98
2026-08-05 08:00:00+00:00,100.0
2026-08-05 08:15:00+00:00,85.71
2026-08-05 08:30:00+00:00,54.99
2026-08-05 08:45:00+00:00,18.51
2026-08-05 09:00:00+00:00,47.55
2026-08-05 09:15:00+00:00,33.64
2026-08-05 09:30:00+00:00,30.0
2026-08-05 09:45:00+00:00,25.0
2026-08-05 10:00:00+00:00,15.0
2026-08-05 10:15:00+00:00,6.0
2026-08-05 10:30:00+00:00,5.88
2026-08-05 10:45:00+00:00,14.5
2026-08-05 11:00:00+00:00,11.0
2026-08-05 11:15:00+00:00,15.0
2026-08-05 11:30:00+00:00,15.0
2026-08-05 11:45:00+00:00,6.74
2026-08-05 12:00:00+00:00,10.77
2026-08-05 12:15:00+00:00,9.25
2026-08-05 12:30:00+00:00,5.88
2026-08-05 12:45:00+00:00,5.01
2026-08-05 13:00:00+00:00,5.01
2026-08-05 13:15:00+00:00,4.0
2026-08-05 13:30:00+00:00,4.0
2026-08-05 13:45:00+00:00,5.0
2026-08-05 14:00:00+00:00,4.0
2026-08-05 14:15:00+00:00,5.88
2026-08-05 14:30:00+00:00,10.0
2026-08-05 14:45:00+00:00,27.0
2026-08-05 15:00:00+00:00,31.55
2026-08-05 15:15:00+00:00,35.0
2026-08-05 15:30:00+00:00,74.95
2026-08-05 15:45:00+00:00,84.05
2026-08-05 16:00:00+00:00,81.65
2026-08-05 16:15:00+00:00,97.0
2026-08-05 16:30:00+00:00,99.7
2026-08-05 16:45:00+00:00,115.14
2026-08-05 17:00:00+00:00,110.0
2026-08-05 17:15:00+00:00,130.0
2026-08-05 17:30:00+00:00,152.47
2026-08-05 17:45:00+00:00,166.48
2026-08-05 18:00:00+00:00,145.0
2026-08-05 18:15:00+00:00,164.6
2026-08-05 18:30:00+00:00,183.36
2026-08-05 18:45:00+00:00,189.4
2026-08-05 19:00:00+00:00,189.91
2026-08-05 19:15:00+00:00,199.47
2026-08-05 19:30:00+00:00,199.47
2026-08-05 19:45:00+00:00,189.91
2026-08-05 20:00:00+00:00,189.14
2026-08-05 20:15:00+00:00,187.56
2026-08-05 20:30:00+00:00,186.41
2026-08-05 20:45:00+00:00,184.51
2026-08-05 21:00:00+00:00,183.6
2026-08-05 21:15:00+00:00,182.64
2026-08-05 21:30:00+00:00,180.01
2026-08-05 21:45:00+00:00,172.03
2026-08-05 22:00:00+00:00,170.21
2026-08-05 22:15:00+00:00,168.47
2026-08-05 22:30:00+00:00,166.05
2026-08-05 22:45:00+00:00,164.47
2026-08-05 23:00:00+00:00,167.63
2026-08-05 23:15:00+00:00,165.3
2026-08-05 23:30:00+00:00,162.07
2026-08-05 23:45:00+00:00,161.57
2026-08-06 00:00:00+00:00,160.45
2026-08-06 00:15:00+00:00,161.59
2026-08-06 00:30:00+00:00,161.59
2026-08-06 00:45:00+00:00,160.0
2026-08-06 01:00:00+00:00,157.82
2026-08-06 01:15:00+00:00,155.81
2026-08-06 01:30:00+00:00,155.09
2026-08-06 01:45:00+00:00,155.09
2026-08-06 02:00:00+00:00,155.06
2026-08-06 02:15:00+00:00,155.06
2026-08-06 02:30:00+00:00,155.06
2026-08-06 02:45:00+00:00,155.06
2026-08-06 03:00:00+00:00,155.03
2026-08-06 03:15:00+00:00,157.5
2026-08-06 03:30:00+00:00,160.29
2026-08-06 03:45:00+00:00,164.47
2026-08-06 04:00:00+00:00,160.45
2026-08-06 04:15:00+00:00,165.3
2026-08-06 04:30:00+00:00,166.05
2026-08-06 04:45:00+00:00,169.21
2026-08-06 05:00:00+00:00,170.21
2026-08-06 05:15:00+00:00,171.15
2026-08-06 05:30:00+00:00,171.15
2026-08-06 05:45:00+00:00,169.21
2026-08-06 06:00:00+00:00,172.09
2026-08-06 06:15:00+00:00,172.03
2026-08-06 06:30:00+00:00,160.45
2026-08-06 06:45:00+00:00,135.0
2026-08-06 07:00:00+00:00,139.63
2026-08-06 07:15:00+00:00,110.0
2026-08-06 07:30:00+00:00,90.2
2026-08-06 07:45:00+00:00,50.0
2026-08-06 08:00:00+00:00,73.8
2026-08-06 08:15:00+00:00,40.0
2026-08-06 08:30:00+00:00,13.51
2026-08-06 08:45:00+00:00,3.78
2026-08-06 09:00:00+00:00,5.99
2026-08-06 09:15:00+00:00,4.87
2026-08-06 09:30:00+00:00,4.17
2026-08-06 09:45:00+00:00,1.95
2026-08-06 10:00:00+00:00,4.91
2026-08-06 10:15:00+00:00,5.0
2026-08-06 10:30:00+00:00,5.62
2026-08-06 10:45:00+00:00,5.01
2026-08-06 11:00:00+00:00,2.0
2026-08-06 11:15:00+00:00,2.0
2026-08-06 11:30:00+00:00,1.82
2026-08-06 11:45:00+00:00,1.5
2026-08-06 12:00:00+00:00,3.36
2026-08-06 12:15:00+00:00,3.32
2026-08-06 12:30:00+00:00,3.36
2026-08-06 12:45:00+00:00,2.0
2026-08-06 13:00:00+00:00,2.86
2026-08-06 13:15:00+00:00,2.2
2026-08-06 13:30:00+00:00,1.82
2026-08-06 13:45:00+00:00,2.2
2026-08-06 14:00:00+00:00,1.95
2026-08-06 14:15:00+00:00,2.81
2026-08-06 14:30:00+00:00,2.81
2026-08-06 14:45:00+00:00,6.76
2026-08-06 15:00:00+00:00,9.58
2026-08-06 15:15:00+00:00,35.26
2026-08-06 15:30:00+00:00,59.2
2026-08-06 15:45:00+00:00,80.04
2026-08-06 16:00:00+00:00,82.09
2026-08-06 16:15:00+00:00,96.82
2026-08-06 16:30:00+00:00,97.21
2026-08-06 16:45:00+00:00,99.0
2026-08-06 17:00:00+00:00,98.47
2026-08-06 17:15:00+00:00,141.72
2026-08-06 17:30:00+00:00,160.29
2026-08-06 17:45:00+00:00,173.07
2026-08-06 18:00:00+00:00,152.47
2026-08-06 18:15:00+00:00,170.0
2026-08-06 18:30:00+00:00,178.47
2026-08-06 18:45:00+00:00,185.65
2026-08-06 19:00:00+00:00,199.18
2026-08-06 19:15:00+00:00,209.39
2026-08-06 19:30:00+00:00,209.61
2026-08-06 19:45:00+00:00,207.39
2026-08-06 20:00:00+00:00,192.67
2026-08-06 20:15:00+00:00,187.65
2026-08-06 20:30:00+00:00,185.65
2026-08-06 20:45:00+00:00,180.01
2026-08-06 21:00:00+00:00,175.36
2026-08-06 21:15:00+00:00,173.03
2026-08-06 21:30:00+00:00,170.21
2026-08-06 21:45:00+00:00,169.21
2026-08-06 22:00:00+00:00,165.76
2026-08-06 22:15:00+00:00,165.4
2026-08-06 22:30:00+00:00,161.81
2026-08-06 22:45:00+00:00,160.0
2026-08-06 23:00:00+00:00,159.14
2026-08-06 23:15:00+00:00,158.14
2026-08-06 23:30:00+00:00,157.56
2026-08-06 23:45:00+00:00,157.2
2026-08-07 00:00:00+00:00,157.65
2026-08-07 00:15:00+00:00,157.56
2026-08-07 00:30:00+00:00,157.56
2026-08-07 00:45:00+00:00,157.35
2026-08-07 01:00:00+00:00,157.56
2026-08-07 01:15:00+00:00,157.35
2026-08-07 01:30:00+00:00,157.2
2026-08-07 01:45:00+00:00,156.4
2026-08-07 02:00:00+00:00,156.4
2026-08-07 02:15:00+00:00,156.4
2026-08-07 02:30:00+00:00,156.4
2026-08-07 02:45:00+00:00,157.2
2026-08-07 03:00:00+00:00,156.4
2026-08-07 03:15:00+00:00,156.4
2026-08-07 03:30:00+00:00,157.56
2026-08-07 03:45:00+00:00,159.08
2026-08-07 04:00:00+00:00,158.14
2026-08-07 04:15:00+00:00,160.14
2026-08-07 04:30:00+00:00,165.76
2026-08-07 04:45:00+00:00,166.4
2026-08-07 05:00:00+00:00,176.71
2026-08-07 05:15:00+00:00,177.71
2026-08-07 05:30:00+00:00,177.71
2026-08-07 05:45:00+00:00,175.71
2026-08-07 06:00:00+00:00,166.93
2026-08-07 06:15:00+00:00,157.65
2026-08-07 06:30:00+00:00,150.0
2026-08-07 06:45:00+00:00,148.29
2026-08-07 07:00:00+00:00,154.4
2026-08-07 07:15:00+00:00,130.3
2026-08-07 07:30:00+00:00,110.0
2026-08-07 07:45:00+00:00,93.88
2026-08-07 08:00:00+00:00,93.88
2026-08-07 08:15:00+00:00,77.35
2026-08-07 08:30:00+00:00,54.99
2026-08-07 08:45:00+00:00,38.66
2026-08-07 09:00:00+00:00,40.95
2026-08-07 09:15:00+00:00,37.45
2026-08-07 09:30:00+00:00,25.01
2026-08-07 09:45:00+00:00,20.02
2026-08-07 10:00:00+00:00,25.01
2026-08-07 10:15:00+00:00,20.02
2026-08-07 10:30:00+00:00,16.75
2026-08-07 10:45:00+00:00,20.02
2026-08-07 11:00:00+00:00,15.0
2026-08-07 11:15:00+00:00,6.01
2026-08-07 11:30:00+00:00,5.01
2026-08-07 11:45:00+00:00,5.0
2026-08-07 12:00:00+00:00,9.79
2026-08-07 12:15:00+00:00,11.77
2026-08-07 12:30:00+00:00,16.48
2026-08-07 12:45:00+00:00,20.02
2026-08-07 13:00:00+00:00,20.52
2026-08-07 13:15:00+00:00,17.17
2026-08-07 13:30:00+00:00,14.26
2026-08-07 13:45:00+00:00,20.02
2026-08-07 14:00:00+00:00,11.29
2026-08-07 14:15:00+00:00,24.18
2026-08-07 14:30:00+00:00,36.82
2026-08-07 14:45:00+00:00,41.32
2026-08-07 15:00:00+00:00,62.9
2026-08-07 15:15:00+00:00,77.65
2026-08-07 15:30:00+00:00,90.04
2026-08-07 15:45:00+00:00,96.19
2026-08-07 16:00:00+00:00,96.19
2026-08-07 16:15:00+00:00,109.0
2026-08-07 16:30:00+00:00,130.0
2026-08-07 16:45:00+00:00,149.87
2026-08-07 17:00:00+00:00,125.0
2026-08-07 17:15:00+00:00,149.63
2026-08-07 17:30:00+00:00,159.08
2026-08-07 17:45:00+00:00,167.59
2026-08-07 18:00:00+00:00,154.27
2026-08-07 18:15:00+00:00,165.76
2026-08-07 18:30:00+00:00,178.71
2026-08-07 18:45:00+00:00,198.51
2026-08-07 19:00:00+00:00,212.01
2026-08-07 19:15:00+00:00,220.0
2026-08-07 19:30:00+00:00,216.01
2026-08-07 19:45:00+00:00,212.5
2026-08-07 20:00:00+00:00,193.02
2026-08-07 20:15:00+00:00,185.86
2026-08-07 20:30:00+00:00,182.45
2026-08-07 20:45:00+00:00,179.21
2026-08-07 21:00:00+00:00,177.78
2026-08-07 21:15:00+00:00,176.71
2026-08-07 21:30:00+00:00,175.0
2026-08-07 21:45:00+00:00,172.03
2026-08-07 22:00:00+00:00,182.68
2026-08-07 22:15:00+00:00,181.77
2026-08-07 22:30:00+00:00,181.27
2026-08-07 22:45:00+00:00,179.27
2026-08-07 23:00:00+00:00,178.22
2026-08-07 23:15:00+00:00,174.12
2026-08-07 23:30:00+00:00,174.12
2026-08-07 23:45:00+00:00,170.0
2026-08-08 00:00:00+00:00,174.12
2026-08-08 00:15:00+00:00,171.96
2026-08-08 00:30:00+00:00,170.0
2026-08-08 00:45:00+00:00,167.13
2026-08-08 01:00:00+00:00,167.42
2026-08-08 01:15:00+00:00,166.6
2026-08-08 01:30:00+00:00,166.4
2026-08-08 01:45:00+00:00,166.0
2026-08-08 02:00:00+00:00,165.14
2026-08-08 02:15:00+00:00,165.0
2026-08-08 02:30:00+00:00,165.0
2026-08-08 02:45:00+00:00,165.0
2026-08-08 03:00:00+00:00,163.9
2026-08-08 03:15:00+00:00,164.98
2026-08-08 03:30:00+00:00,165.0
2026-08-08 03:45:00+00:00,165.0
2026-08-08 04:00:00+00:00,169.14
2026-08-08 04:15:00+00:00,170.0
2026-08-08 04:30:00+00:00,174.12
2026-08-08 04:45:00+00:00,174.12
2026-08-08 05:00:00+00:00,177.12
2026-08-08 05:15:00+00:00,174.12
2026-08-08 05:30:00+00:00,174.12
2026-08-08 05:45:00+00:00,169.14
2026-08-08 06:00:00+00:00,174.12
2026-08-08 06:15:00+00:00,174.12
2026-08-08 06:30:00+00:00,162.25
2026-08-08 06:45:00+00:00,155.01
2026-08-08 07:00:00+00:00,137.23
2026-08-08 07:15:00+00:00,100.0
2026-08-08 07:30:00+00:00,75.16
2026-08-08 07:45:00+00:00,12.01
2026-08-08 08:00:00+00:00,12.32
2026-08-08 08:15:00+00:00,4.54
2026-08-08 08:30:00+00:00,1.08
2026-08-08 08:45:00+00:00,0.71
2026-08-08 09:00:00+00:00,0.51
2026-08-08 09:15:00+00:00,0.0
2026-08-08 09:30:00+00:00,0.0
2026-08-08 09:45:00+00:00,0.0
2026-08-08 10:00:00+00:00,0.0
2026-08-08 10:15:00+00:00,0.0
2026-08-08 10:30:00+00:00,0.0
2026-08-08 10:45:00+00:00,0.0
2026-08-08 11:00:00+00:00,0.0
2026-08-08 11:15:00+00:00,0.0
2026-08-08 11:30:00+00:00,0.0
2026-08-08 11:45:00+00:00,0.0
2026-08-08 12:00:00+00:00,0.0
2026-08-08 12:15:00+00:00,0.0
2026-08-08 12:30:00+00:00,0.0
2026-08-08 12:45:00+00:00,0.0
2026-08-08 13:00:00+00:00,0.0
2026-08-08 13:15:00+00:00,0.0
2026-08-08 13:30:00+00:00,0.0
2026-08-08 13:45:00+00:00,0.0
2026-08-08 14:00:00+00:00,0.0
2026-08-08 14:15:00+00:00,0.0
2026-08-08 14:30:00+00:00,0.0
2026-08-08 14:45:00+00:00,0.01
2026-08-08 15:00:00+00:00,2.29
2026-08-08 15:15:00+00:00,8.0
2026-08-08 15:30:00+00:00,28.04
2026-08-08 15:45:00+00:00,44.0
2026-08-08 16:00:00+00:00,68.81
2026-08-08 16:15:00+00:00,80.3
2026-08-08 16:30:00+00:00,99.0
2026-08-08 16:45:00+00:00,101.73
2026-08-08 17:00:00+00:00,101.73
2026-08-08 17:15:00+00:00,137.23
2026-08-08 17:30:00+00:00,159.2
2026-08-08 17:45:00+00:00,174.12
2026-08-08 18:00:00+00:00,161.98
2026-08-08 18:15:00+00:00,177.0
2026-08-08 18:30:00+00:00,181.62
2026-08-08 18:45:00+00:00,183.74
2026-08-08 19:00:00+00:00,182.92
2026-08-08 19:15:00+00:00,187.33
2026-08-08 19:30:00+00:00,190.88
2026-08-08 19:45:00+00:00,190.88
2026-08-08 20:00:00+00:00,191.01
2026-08-08 20:15:00+00:00,190.88
2026-08-08 20:30:00+00:00,186.03
2026-08-08 20:45:00+00:00,190.01
2026-08-08 21:00:00+00:00,183.42
2026-08-08 21:15:00+00:00,181.77
2026-08-08 21:30:00+00:00,181.27
2026-08-08 21:45:00+00:00,180.27
2026-08-08 22:00:00+00:00,173.23
2026-08-08 22:15:00+00:00,172.23
2026-08-08 22:30:00+00:00,168.97
2026-08-08 22:45:00+00:00,166.6
2026-08-08 23:00:00+00:00,164.14
2026-08-08 23:15:00+00:00,162.25
2026-08-08 23:30:00+00:00,161.02
2026-08-08 23:45:00+00:00,160.3
2026-08-09 00:00:00+00:00,161.05
2026-08-09 00:15:00+00:00,160.98
2026-08-09 00:30:00+00:00,160.0
2026-08-09 00:45:00+00:00,159.4
2026-08-09 01:00:00+00:00,159.4
2026-08-09 01:15:00+00:00,159.0
2026-08-09 01:30:00+00:00,158.58
2026-08-09 01:45:00+00:00,158.2
2026-08-09 02:00:00+00:00,156.99
2026-08-09 02:15:00+00:00,155.53
2026-08-09 02:30:00+00:00,155.4
2026-08-09 02:45:00+00:00,155.4
2026-08-09 03:00:00+00:00,155.4
2026-08-09 03:15:00+00:00,155.4
2026-08-09 03:30:00+00:00,157.04
2026-08-09 03:45:00+00:00,157.4
2026-08-09 04:00:00+00:00,156.0
2026-08-09 04:15:00+00:00,157.4
2026-08-09 04:30:00+00:00,158.2
2026-08-09 04:45:00+00:00,158.2
2026-08-09 05:00:00+00:00,159.0
2026-08-09 05:15:00+00:00,159.0
2026-08-09 05:30:00+00:00,159.0
2026-08-09 05:45:00+00:00,149.25
2026-08-09 06:00:00+00:00,154.29
2026-08-09 06:15:00+00:00,137.23
2026-08-09 06:30:00+00:00,101.98
2026-08-09 06:45:00+00:00,90.0
2026-08-09 07:00:00+00:00,71.97
2026-08-09 07:15:00+00:00,30.0
2026-08-09 07:30:00+00:00,4.99
2026-08-09 07:45:00+00:00,0.69
2026-08-09 08:00:00+00:00,1.13
2026-08-09 08:15:00+00:00,0.15
2026-08-09 08:30:00+00:00,0.01
2026-08-09 08:45:00+00:00,0.0
2026-08-09 09:00:00+00:00,0.0
2026-08-09 09:15:00+00:00,-0.01
2026-08-09 09:30:00+00:00,-0.02
2026-08-09 09:45:00+00:00,-0.03
2026-08-09 10:00:00+00:00,-0.02
2026-08-09 10:15:00+00:00,-0.03
2026-08-09 10:30:00+00:00,-0.05
2026-08-09 10:45:00+00:00,-0.07
2026-08-09 11:00:00+00:00,-0.1
2026-08-09 11:15:00+00:00,-0.1
2026-08-09 11:30:00+00:00,-0.11
2026-08-09 11:45:00+00:00,-0.11
2026-08-09 12:00:00+00:00,-0.1
2026-08-09 12:15:00+00:00,-0.1
2026-08-09 12:30:00+00:00,-0.09
2026-08-09 12:45:00+00:00,-0.1
2026-08-09 13:00:00+00:00,-0.02
2026-08-09 13:15:00+00:00,-0.01
2026-08-09 13:30:00+00:00,-0.01
2026-08-09 13:45:00+00:00,0.0
2026-08-09 14:00:00+00:00,0.0
2026-08-09 14:15:00+00:00,0.01
2026-08-09 14:30:00+00:00,0.3
2026-08-09 14:45:00+00:00,0.54
2026-08-09 15:00:00+00:00,1.08
2026-08-09 15:15:00+00:00,1.08
2026-08-09 15:30:00+00:00,2.32
2026-08-09 15:45:00+00:00,4.52
2026-08-09 16:00:00+00:00,5.88
2026-08-09 16:15:00+00:00,38.66
2026-08-09 16:30:00+00:00,50.3
2026-08-09 16:45:00+00:00,84.25
2026-08-09 17:00:00+00:00,80.0
2026-08-09 17:15:00+00:00,99.75
2026-08-09 17:30:00+00:00,111.37
2026-08-09 17:45:00+00:00,149.68
2026-08-09 18:00:00+00:00,144.47
2026-08-09 18:15:00+00:00,160.22
2026-08-09 18:30:00+00:00,171.62
2026-08-09 18:45:00+00:00,175.73
2026-08-09 19:00:00+00:00,175.23
2026-08-09 19:15:00+00:00,175.73
2026-08-09 19:30:00+00:00,175.73
2026-08-09 19:45:00+00:00,175.73
2026-08-09 20:00:00+00:00,175.73
2026-08-09 20:15:00+00:00,175.73
2026-08-09 20:30:00+00:00,175.23
2026-08-09 20:45:00+00:00,175.23
2026-08-09 21:00:00+00:00,173.23
2026-08-09 21:15:00+00:00,172.03
2026-08-09 21:30:00+00:00,166.0
2026-08-09 21:45:00+00:00,162.56
2026-08-09 22:00:00+00:00,165.14
2026-08-09 22:15:00+00:00,164.4
2026-08-09 22:30:00+00:00,161.98
2026-08-09 22:45:00+00:00,161.98
2026-08-09 23:00:00+00:00,162.25
2026-08-09 23:15:00+00:00,160.4
2026-08-09 23:30:00+00:00,160.99
2026-08-09 23:45:00+00:00,160.17
2026-08-10 00:00:00+00:00,162.25
2026-08-10 00:15:00+00:00,161.48
2026-08-10 00:30:00+00:00,160.4
2026-08-10 00:45:00+00:00,160.4
2026-08-10 01:00:00+00:00,160.4
2026-08-10 01:15:00+00:00,158.0
2026-08-10 01:30:00+00:00,157.41
2026-08-10 01:45:00+00:00,157.41
2026-08-10 02:00:00+00:00,151.0
2026-08-10 02:15:00+00:00,152.21
2026-08-10 02:30:00+00:00,153.53
2026-08-10 02:45:00+00:00,154.47
2026-08-10 03:00:00+00:00,153.99
2026-08-10 03:15:00+00:00,156.0
2026-08-10 03:30:00+00:00,159.0
2026-08-10 03:45:00+00:00,161.0
2026-08-10 04:00:00+00:00,164.0
2026-08-10 04:15:00+00:00,165.4
2026-08-10 04:30:00+00:00,168.02
2026-08-10 04:45:00+00:00,173.47
2026-08-10 05:00:00+00:00,176.97
2026-08-10 05:15:00+00:00,182.47
2026-08-10 05:30:00+00:00,182.68
2026-08-10 05:45:00+00:00,180.01
2026-08-10 06:00:00+00:00,182.63
2026-08-10 06:15:00+00:00,175.47
2026-08-10 06:30:00+00:00,164.5
2026-08-10 06:45:00+00:00,154.29
2026-08-10 07:00:00+00:00,163.56
2026-08-10 07:15:00+00:00,151.97
2026-08-10 07:30:00+00:00,125.53
2026-08-10 07:45:00+00:00,100.27
2026-08-10 08:00:00+00:00,100.14
2026-08-10 08:15:00+00:00,98.0
2026-08-10 08:30:00+00:00,86.76
2026-08-10 08:45:00+00:00,74.16
2026-08-10 09:00:00+00:00,74.54
2026-08-10 09:15:00+00:00,70.36
2026-08-10 09:30:00+00:00,63.1
2026-08-10 09:45:00+00:00,58.17
2026-08-10 10:00:00+00:00,38.66
2026-08-10 10:15:00+00:00,38.55
2026-08-10 10:30:00+00:00,35.0
2026-08-10 10:45:00+00:00,38.55
2026-08-10 11:00:00+00:00,36.75
2026-08-10 11:15:00+00:00,33.49
2026-08-10 11:30:00+00:00,25.0
2026-08-10 11:45:00+00:00,25.0
2026-08-10 12:00:00+00:00,34.24
2026-08-10 12:15:00+00:00,30.61
2026-08-10 12:30:00+00:00,36.33
2026-08-10 12:45:00+00:00,35.0
2026-08-10 13:00:00+00:00,25.0
2026-08-10 13:15:00+00:00,25.0
2026-08-10 13:30:00+00:00,21.0
2026-08-10 13:45:00+00:00,24.11
2026-08-10 14:00:00+00:00,25.0
2026-08-10 14:15:00+00:00,38.66
2026-08-10 14:30:00+00:00,38.99
2026-08-10 14:45:00+00:00,50.0
2026-08-10 15:00:00+00:00,74.16
2026-08-10 15:15:00+00:00,84.25
2026-08-10 15:30:00+00:00,85.22
2026-08-10 15:45:00+00:00,90.23
2026-08-10 16:00:00+00:00,94.39
2026-08-10 16:15:00+00:00,99.75
2026-08-10 16:30:00+00:00,100.14
2026-08-10 16:45:00+00:00,103.92
2026-08-10 17:00:00+00:00,101.73
2026-08-10 17:15:00+00:00,119.5
2026-08-10 17:30:00+00:00,150.63
2026-08-10 17:45:00+00:00,168.96
2026-08-10 18:00:00+00:00,176.0
2026-08-10 18:15:00+00:00,182.63
2026-08-10 18:30:00+00:00,192.25
2026-08-10 18:45:00+00:00,201.44
2026-08-10 19:00:00+00:00,207.58
2026-08-10 19:15:00+00:00,226.14
2026-08-10 19:30:00+00:00,233.76
2026-08-10 19:45:00+00:00,226.14
2026-08-10 20:00:00+00:00,211.62
2026-08-10 20:15:00+00:00,202.0
2026-08-10 20:30:00+00:00,197.74
2026-08-10 20:45:00+00:00,190.35
2026-08-10 21:00:00+00:00,190.0
2026-08-10 21:15:00+00:00,187.5
2026-08-10 21:30:00+00:00,182.8
2026-08-10 21:45:00+00:00,180.01
2026-08-10 22:00:00+00:00,180.01
2026-08-10 22:15:00+00:00,179.04
2026-08-10 22:30:00+00:00,178.04
2026-08-10 22:45:00+00:00,176.28
2026-08-10 23:00:00+00:00,171.14
2026-08-10 23:15:00+00:00,170.0
2026-08-10 23:30:00+00:00,168.02
2026-08-10 23:45:00+00:00,167.08
2026-08-11 00:00:00+00:00,170.0
2026-08-11 00:15:00+00:00,168.96
2026-08-11 00:30:00+00:00,168.02
2026-08-11 00:45:00+00:00,167.08
2026-08-11 01:00:00+00:00,168.96
2026-08-11 01:15:00+00:00,168.96
2026-08-11 01:30:00+00:00,168.02
2026-08-11 01:45:00+00:00,168.96
2026-08-11 02:00:00+00:00,168.02
2026-08-11 02:15:00+00:00,168.02
2026-08-11 02:30:00+00:00,168.02
2026-08-11 02:45:00+00:00,168.96
2026-08-11 03:00:00+00:00,167.0
2026-08-11 03:15:00+00:00,168.02
2026-08-11 03:30:00+00:00,170.3
2026-08-11 03:45:00+00:00,173.94
2026-08-11 04:00:00+00:00,170.0
2026-08-11 04:15:00+00:00,172.03
2026-08-11 04:30:00+00:00,175.73
2026-08-11 04:45:00+00:00,178.04
2026-08-11 05:00:00+00:00,180.04
2026-08-11 05:15:00+00:00,180.54
2026-08-11 05:30:00+00:00,180.54
2026-08-11 05:45:00+00:00,179.04
2026-08-11 06:00:00+00:00,178.04
2026-08-11 06:15:00+00:00,168.02
2026-08-11 06:30:00+00:00,157.0
2026-08-11 06:45:00+00:00,125.0
2026-08-11 07:00:00+00:00,158.37
2026-08-11 07:15:00+00:00,140.0
2026-08-11 07:30:00+00:00,106.21
2026-08-11 07:45:00+00:00,87.0
2026-08-11 08:00:00+00:00,99.42
2026-08-11 08:15:00+00:00,76.78
2026-08-11 08:30:00+00:00,41.28
2026-08-11 08:45:00+00:00,38.77
2026-08-11 09:00:00+00:00,39.1
2026-08-11 09:15:00+00:00,27.78
2026-08-11 09:30:00+00:00,24.0
2026-08-11 09:45:00+00:00,19.17
2026-08-11 10:00:00+00:00,19.76
2026-08-11 10:15:00+00:00,12.47
2026-08-11 10:30:00+00:00,12.14
2026-08-11 10:45:00+00:00,14.99
2026-08-11 11:00:00+00:00,14.69
2026-08-11 11:15:00+00:00,24.0
2026-08-11 11:30:00+00:00,25.0
2026-08-11 11:45:00+00:00,24.0
2026-08-11 12:00:00+00:00,38.66
2026-08-11 12:15:00+00:00,38.77
2026-08-11 12:30:00+00:00,38.77
2026-08-11 12:45:00+00:00,38.77
2026-08-11 13:00:00+00:00,38.55
2026-08-11 13:15:00+00:00,38.55
2026-08-11 13:30:00+00:00,36.0
2026-08-11 13:45:00+00:00,38.55
2026-08-11 14:00:00+00:00,38.99
2026-08-11 14:15:00+00:00,40.0
2026-08-11 14:30:00+00:00,69.94
2026-08-11 14:45:00+00:00,85.2
2026-08-11 15:00:00+00:00,84.25
2026-08-11 15:15:00+00:00,99.88
2026-08-11 15:30:00+00:00,100.27
2026-08-11 15:45:00+00:00,102.19
2026-08-11 16:00:00+00:00,102.79
2026-08-11 16:15:00+00:00,105.67
2026-08-11 16:30:00+00:00,120.98
2026-08-11 16:45:00+00:00,148.0
2026-08-11 17:00:00+00:00,120.98
2026-08-11 17:15:00+00:00,154.66
2026-08-11 17:30:00+00:00,167.08
2026-08-11 17:45:00+00:00,180.01
2026-08-11 18:00:00+00:00,171.51
2026-08-11 18:15:00+00:00,180.78
2026-08-11 18:30:00+00:00,197.82
2026-08-11 18:45:00+00:00,216.01
2026-08-11 19:00:00+00:00,226.0
2026-08-11 19:15:00+00:00,235.01
2026-08-11 19:30:00+00:00,235.51
2026-08-11 19:45:00+00:00,227.5
2026-08-11 20:00:00+00:00,205.52
2026-08-11 20:15:00+00:00,200.0
2026-08-11 20:30:00+00:00,190.88
2026-08-11 20:45:00+00:00,186.0
2026-08-11 21:00:00+00:00,189.0
2026-08-11 21:15:00+00:00,182.68
2026-08-11 21:30:00+00:00,180.04
2026-08-11 21:45:00+00:00,178.04
