datetime_utc,prev_renovable,psr_type
2026-08-03 00:00:00+00:00,506.0,B16
2026-08-03 00:00:00+00:00,3972.0,B19
2026-08-03 00:15:00+00:00,506.0,B16
2026-08-03 00:15:00+00:00,3908.0,B19
2026-08-03 00:30:00+00:00,505.0,B16
2026-08-03 00:30:00+00:00,3842.0,B19
2026-08-03 00:45:00+00:00,503.0,B16
2026-08-03 00:45:00+00:00,3772.0,B19
2026-08-03 01:00:00+00:00,501.0,B16
2026-08-03 01:00:00+00:00,3702.0,B19
2026-08-03 01:15:00+00:00,498.0,B16
2026-08-03 01:15:00+00:00,3624.0,B19
2026-08-03 01:30:00+00:00,494.0,B16
2026-08-03 01:30:00+00:00,3542.0,B19
2026-08-03 01:45:00+00:00,3466.0,B19
2026-08-03 01:45:00+00:00,490.0,B16
2026-08-03 02:00:00+00:00,3345.0,B19
2026-08-03 02:00:00+00:00,490.0,B16
2026-08-03 02:15:00+00:00,3301.0,B19
2026-08-03 02:15:00+00:00,483.0,B16
2026-08-03 02:30:00+00:00,3282.0,B19
2026-08-03 02:30:00+00:00,474.0,B16
2026-08-03 02:45:00+00:00,460.0,B16
2026-08-03 02:45:00+00:00,3282.0,B19
2026-08-03 03:00:00+00:00,460.0,B16
2026-08-03 03:00:00+00:00,3283.0,B19
2026-08-03 03:15:00+00:00,431.0,B16
2026-08-03 03:15:00+00:00,3289.0,B19
2026-08-03 03:30:00+00:00,391.0,B16
2026-08-03 03:30:00+00:00,3285.0,B19
2026-08-03 03:45:00+00:00,3273.0,B19
2026-08-03 03:45:00+00:00,346.0,B16
2026-08-03 04:00:00+00:00,295.0,B16
2026-08-03 04:00:00+00:00,3245.0,B19
2026-08-03 04:15:00+00:00,3236.0,B19
2026-08-03 04:15:00+00:00,258.0,B16
2026-08-03 04:30:00+00:00,232.0,B16
2026-08-03 04:30:00+00:00,3232.0,B19
2026-08-03 04:45:00+00:00,3227.0,B19
2026-08-03 04:45:00+00:00,217.0,B16
2026-08-03 05:00:00+00:00,407.0,B16
2026-08-03 05:00:00+00:00,3237.0,B19
2026-08-03 05:15:00+00:00,654.0,B16
2026-08-03 05:15:00+00:00,3198.0,B19
2026-08-03 05:30:00+00:00,1040.0,B16
2026-08-03 05:30:00+00:00,3133.0,B19
2026-08-03 05:45:00+00:00,3056.0,B19
2026-08-03 05:45:00+00:00,1565.0,B16
2026-08-03 06:00:00+00:00,2912.0,B19
2026-08-03 06:00:00+00:00,2832.0,B16
2026-08-03 06:15:00+00:00,2865.0,B19
2026-08-03 06:15:00+00:00,3851.0,B16
2026-08-03 06:30:00+00:00,5011.0,B16
2026-08-03 06:30:00+00:00,2855.0,B19
2026-08-03 06:45:00+00:00,6268.0,B16
2026-08-03 06:45:00+00:00,2872.0,B19
2026-08-03 07:00:00+00:00,8488.0,B16
2026-08-03 07:00:00+00:00,2895.0,B19
2026-08-03 07:15:00+00:00,2918.0,B19
2026-08-03 07:15:00+00:00,9940.0,B16
2026-08-03 07:30:00+00:00,2925.0,B19
2026-08-03 07:30:00+00:00,11321.0,B16
2026-08-03 07:45:00+00:00,12378.0,B16
2026-08-03 07:45:00+00:00,2906.0,B19
2026-08-03 08:00:00+00:00,2843.0,B19
2026-08-03 08:00:00+00:00,13874.0,B16
2026-08-03 08:15:00+00:00,14893.0,B16
2026-08-03 08:15:00+00:00,2858.0,B19
2026-08-03 08:30:00+00:00,15685.0,B16
2026-08-03 08:30:00+00:00,2888.0,B19
2026-08-03 08:45:00+00:00,16362.0,B16
2026-08-03 08:45:00+00:00,2952.0,B19
2026-08-03 09:00:00+00:00,2986.0,B19
2026-08-03 09:00:00+00:00,16541.0,B16
2026-08-03 09:15:00+00:00,16977.0,B16
2026-08-03 09:15:00+00:00,3083.0,B19
2026-08-03 09:30:00+00:00,17353.0,B16
2026-08-03 09:30:00+00:00,3190.0,B19
2026-08-03 09:45:00+00:00,17713.0,B16
2026-08-03 09:45:00+00:00,3293.0,B19
2026-08-03 10:00:00+00:00,18222.0,B16
2026-08-03 10:00:00+00:00,3418.0,B19
2026-08-03 10:15:00+00:00,3470.0,B19
2026-08-03 10:15:00+00:00,18524.0,B16
2026-08-03 10:30:00+00:00,3492.0,B19
2026-08-03 10:30:00+00:00,18818.0,B16
2026-08-03 10:45:00+00:00,19075.0,B16
2026-08-03 10:45:00+00:00,3486.0,B19
2026-08-03 11:00:00+00:00,3445.0,B19
2026-08-03 11:00:00+00:00,19323.0,B16
2026-08-03 11:15:00+00:00,19501.0,B16
2026-08-03 11:15:00+00:00,3458.0,B19
2026-08-03 11:30:00+00:00,19638.0,B16
2026-08-03 11:30:00+00:00,3506.0,B19
2026-08-03 11:45:00+00:00,19790.0,B16
2026-08-03 11:45:00+00:00,3584.0,B19
2026-08-03 12:00:00+00:00,3635.0,B19
2026-08-03 12:00:00+00:00,20102.0,B16
2026-08-03 12:15:00+00:00,3770.0,B19
2026-08-03 12:15:00+00:00,20177.0,B16
2026-08-03 12:30:00+00:00,3934.0,B19
2026-08-03 12:30:00+00:00,20213.0,B16
2026-08-03 12:45:00+00:00,20176.0,B16
2026-08-03 12:45:00+00:00,4106.0,B19
2026-08-03 13:00:00+00:00,4310.0,B19
2026-08-03 13:00:00+00:00,20096.0,B16
2026-08-03 13:15:00+00:00,19944.0,B16
2026-08-03 13:15:00+00:00,4482.0,B19
2026-08-03 13:30:00+00:00,19755.0,B16
2026-08-03 13:30:00+00:00,4635.0,B19
2026-08-03 13:45:00+00:00,4779.0,B19
2026-08-03 13:45:00+00:00,19472.0,B16
2026-08-03 14:00:00+00:00,18861.0,B16
2026-08-03 14:00:00+00:00,4937.0,B19
2026-08-03 14:15:00+00:00,5070.0,B19
2026-08-03 14:15:00+00:00,18735.0,B16
2026-08-03 14:30:00+00:00,18594.0,B16
2026-08-03 14:30:00+00:00,5186.0,B19
2026-08-03 14:45:00+00:00,18438.0,B16
2026-08-03 14:45:00+00:00,5290.0,B19
2026-08-03 15:00:00+00:00,18649.0,B16
2026-08-03 15:00:00+00:00,5426.0,B19
2026-08-03 15:15:00+00:00,5520.0,B19
2026-08-03 15:15:00+00:00,18356.0,B16
2026-08-03 15:30:00+00:00,18113.0,B16
2026-08-03 15:30:00+00:00,5611.0,B19
2026-08-03 15:45:00+00:00,17770.0,B16
2026-08-03 15:45:00+00:00,5695.0,B19
2026-08-03 16:00:00+00:00,17862.0,B16
2026-08-03 16:00:00+00:00,5723.0,B19
2026-08-03 16:15:00+00:00,17327.0,B16
2026-08-03 16:15:00+00:00,5774.0,B19
2026-08-03 16:30:00+00:00,16659.0,B16
2026-08-03 16:30:00+00:00,5842.0,B19
2026-08-03 16:45:00+00:00,5933.0,B19
2026-08-03 16:45:00+00:00,15804.0,B16
2026-08-03 17:00:00+00:00,15250.0,B16
2026-08-03 17:00:00+00:00,6050.0,B19
2026-08-03 17:15:00+00:00,13888.0,B16
2026-08-03 17:15:00+00:00,5943.0,B19
2026-08-03 17:30:00+00:00,5754.0,B19
2026-08-03 17:30:00+00:00,12210.0,B16
2026-08-03 17:45:00+00:00,10192.0,B16
2026-08-03 17:45:00+00:00,5510.0,B19
2026-08-03 18:00:00+00:00,5271.0,B19
2026-08-03 18:00:00+00:00,8991.0,B16
2026-08-03 18:15:00+00:00,5119.0,B19
2026-08-03 18:15:00+00:00,6881.0,B16
2026-08-03 18:30:00+00:00,5001.0,B16
2026-08-03 18:30:00+00:00,5094.0,B19
2026-08-03 18:45:00+00:00,3410.0,B16
2026-08-03 18:45:00+00:00,5156.0,B19
2026-08-03 19:00:00+00:00,5330.0,B19
2026-08-03 19:00:00+00:00,2048.0,B16
2026-08-03 19:15:00+00:00,1212.0,B16
2026-08-03 19:15:00+00:00,5386.0,B19
2026-08-03 19:30:00+00:00,739.0,B16
2026-08-03 19:30:00+00:00,5364.0,B19
2026-08-03 19:45:00+00:00,616.0,B16
2026-08-03 19:45:00+00:00,5281.0,B19
2026-08-03 20:00:00+00:00,5152.0,B19
2026-08-03 20:00:00+00:00,579.0,B16
2026-08-03 20:15:00+00:00,556.0,B16
2026-08-03 20:15:00+00:00,5043.0,B19
2026-08-03 20:30:00+00:00,536.0,B16
2026-08-03 20:30:00+00:00,4962.0,B19
2026-08-03 20:45:00+00:00,519.0,B16
2026-08-03 20:45:00+00:00,4905.0,B19
2026-08-03 21:00:00+00:00,504.0,B16
2026-08-03 21:00:00+00:00,4824.0,B19
2026-08-03 21:15:00+00:00,487.0,B16
2026-08-03 21:15:00+00:00,4782.0,B19
2026-08-03 21:30:00+00:00,4733.0,B19
2026-08-03 21:30:00+00:00,469.0,B16
2026-08-03 21:45:00+00:00,4678.0,B19
2026-08-03 21:45:00+00:00,451.0,B16
2026-08-03 22:00:00+00:00,4755.0,B19
2026-08-03 22:00:00+00:00,424.0,B16
2026-08-03 22:15:00+00:00,4695.0,B19
2026-08-03 22:15:00+00:00,409.0,B16
2026-08-03 22:30:00+00:00,4635.0,B19
2026-08-03 22:30:00+00:00,394.0,B16
2026-08-03 22:45:00+00:00,4573.0,B19
2026-08-03 22:45:00+00:00,381.0,B16
2026-08-03 23:00:00+00:00,4511.0,B19
2026-08-03 23:00:00+00:00,364.0,B16
2026-08-03 23:15:00+00:00,4445.0,B19
2026-08-03 23:15:00+00:00,358.0,B16
2026-08-03 23:30:00+00:00,4374.0,B19
2026-08-03 23:30:00+00:00,356.0,B16
2026-08-03 23:45:00+00:00,4302.0,B19
2026-08-03 23:45:00+00:00,358.0,B16
2026-08-04 00:00:00+00:00,365.0,B16
2026-08-04 00:00:00+00:00,4223.0,B19
2026-08-04 00:15:00+00:00,365.0,B16
2026-08-04 00:15:00+00:00,4150.0,B19
2026-08-04 00:30:00+00:00,362.0,B16
2026-08-04 00:30:00+00:00,4076.0,B19
2026-08-04 00:45:00+00:00,357.0,B16
2026-08-04 00:45:00+00:00,4004.0,B19
2026-08-04 01:00:00+00:00,350.0,B16
2026-08-04 01:00:00+00:00,3915.0,B19
2026-08-04 01:15:00+00:00,342.0,B16
2026-08-04 01:15:00+00:00,3852.0,B19
2026-08-04 01:30:00+00:00,335.0,B16
2026-08-04 01:30:00+00:00,3797.0,B19
2026-08-04 01:45:00+00:00,329.0,B16
2026-08-04 01:45:00+00:00,3748.0,B19
2026-08-04 02:00:00+00:00,324.0,B16
2026-08-04 02:00:00+00:00,3691.0,B19
2026-08-04 02:15:00+00:00,318.0,B16
2026-08-04 02:15:00+00:00,3654.0,B19
2026-08-04 02:30:00+00:00,311.0,B16
2026-08-04 02:30:00+00:00,3624.0,B19
2026-08-04 02:45:00+00:00,302.0,B16
2026-08-04 02:45:00+00:00,3597.0,B19
2026-08-04 03:00:00+00:00,300.0,B16
2026-08-04 03:00:00+00:00,3565.0,B19
2026-08-04 03:15:00+00:00,285.0,B16
2026-08-04 03:15:00+00:00,3536.0,B19
2026-08-04 03:30:00+00:00,265.0,B16
2026-08-04 03:30:00+00:00,3502.0,B19
2026-08-04 03:45:00+00:00,242.0,B16
2026-08-04 03:45:00+00:00,3459.0,B19
2026-08-04 04:00:00+00:00,219.0,B16
2026-08-04 04:00:00+00:00,3425.0,B19
2026-08-04 04:15:00+00:00,195.0,B16
2026-08-04 04:15:00+00:00,3354.0,B19
2026-08-04 04:30:00+00:00,174.0,B16
2026-08-04 04:30:00+00:00,3264.0,B19
2026-08-04 04:45:00+00:00,160.0,B16
2026-08-04 04:45:00+00:00,3161.0,B19
2026-08-04 05:00:00+00:00,397.0,B16
2026-08-04 05:00:00+00:00,3057.0,B19
2026-08-04 05:15:00+00:00,760.0,B16
2026-08-04 05:15:00+00:00,2943.0,B19
2026-08-04 05:30:00+00:00,1359.0,B16
2026-08-04 05:30:00+00:00,2830.0,B19
2026-08-04 05:45:00+00:00,2193.0,B16
2026-08-04 05:45:00+00:00,2722.0,B19
2026-08-04 06:00:00+00:00,4461.0,B16
2026-08-04 06:00:00+00:00,2606.0,B19
2026-08-04 06:15:00+00:00,6193.0,B16
2026-08-04 06:15:00+00:00,2511.0,B19
2026-08-04 06:30:00+00:00,8146.0,B16
2026-08-04 06:30:00+00:00,2429.0,B19
2026-08-04 06:45:00+00:00,10023.0,B16
2026-08-04 06:45:00+00:00,2325.0,B19
2026-08-04 07:00:00+00:00,13360.0,B16
2026-08-04 07:00:00+00:00,2218.0,B19
2026-08-04 07:15:00+00:00,2182.0,B19
2026-08-04 07:15:00+00:00,15342.0,B16
2026-08-04 07:30:00+00:00,2161.0,B19
2026-08-04 07:30:00+00:00,17153.0,B16
2026-08-04 07:45:00+00:00,2145.0,B19
2026-08-04 07:45:00+00:00,18553.0,B16
2026-08-04 08:00:00+00:00,2091.0,B19
2026-08-04 08:00:00+00:00,19875.0,B16
2026-08-04 08:15:00+00:00,2111.0,B19
2026-08-04 08:15:00+00:00,20691.0,B16
2026-08-04 08:30:00+00:00,2135.0,B19
2026-08-04 08:30:00+00:00,21326.0,B16
2026-08-04 08:45:00+00:00,21807.0,B16
2026-08-04 08:45:00+00:00,2167.0,B19
2026-08-04 09:00:00+00:00,21970.0,B16
2026-08-04 09:00:00+00:00,2150.0,B19
2026-08-04 09:15:00+00:00,22014.0,B16
2026-08-04 09:15:00+00:00,2186.0,B19
2026-08-04 09:30:00+00:00,22197.0,B16
2026-08-04 09:30:00+00:00,2240.0,B19
2026-08-04 09:45:00+00:00,22584.0,B16
2026-08-04 09:45:00+00:00,2311.0,B19
2026-08-04 10:00:00+00:00,22946.0,B16
2026-08-04 10:00:00+00:00,2346.0,B19
2026-08-04 10:15:00+00:00,23069.0,B16
2026-08-04 10:15:00+00:00,2414.0,B19
2026-08-04 10:30:00+00:00,2485.0,B19
2026-08-04 10:30:00+00:00,23131.0,B16
2026-08-04 10:45:00+00:00,23216.0,B16
2026-08-04 10:45:00+00:00,2558.0,B19
2026-08-04 11:00:00+00:00,23627.0,B16
2026-08-04 11:00:00+00:00,2690.0,B19
2026-08-04 11:15:00+00:00,23836.0,B16
2026-08-04 11:15:00+00:00,2786.0,B19
2026-08-04 11:30:00+00:00,2872.0,B19
2026-08-04 11:30:00+00:00,23996.0,B16
2026-08-04 11:45:00+00:00,2950.0,B19
2026-08-04 11:45:00+00:00,24079.0,B16
2026-08-04 12:00:00+00:00,2890.0,B19
2026-08-04 12:00:00+00:00,23846.0,B16
2026-08-04 12:15:00+00:00,2940.0,B19
2026-08-04 12:15:00+00:00,23661.0,B16
2026-08-04 12:30:00+00:00,2996.0,B19
2026-08-04 12:30:00+00:00,23548.0,B16
2026-08-04 12:45:00+00:00,23452.0,B16
2026-08-04 12:45:00+00:00,3053.0,B19
2026-08-04 13:00:00+00:00,22958.0,B16
2026-08-04 13:00:00+00:00,3042.0,B19
2026-08-04 13:15:00+00:00,3091.0,B19
2026-08-04 13:15:00+00:00,22764.0,B16
2026-08-04 13:30:00+00:00,22614.0,B16
2026-08-04 13:30:00+00:00,3149.0,B19
2026-08-04 13:45:00+00:00,22443.0,B16
2026-08-04 13:45:00+00:00,3206.0,B19
2026-08-04 14:00:00+00:00,22703.0,B16
2026-08-04 14:00:00+00:00,3413.0,B19
2026-08-04 14:15:00+00:00,22657.0,B16
2026-08-04 14:15:00+00:00,3495.0,B19
2026-08-04 14:30:00+00:00,22476.0,B16
2026-08-04 14:30:00+00:00,3572.0,B19
2026-08-04 14:45:00+00:00,3630.0,B19
2026-08-04 14:45:00+00:00,22166.0,B16
2026-08-04 15:00:00+00:00,22203.0,B16
2026-08-04 15:00:00+00:00,3694.0,B19
2026-08-04 15:15:00+00:00,21645.0,B16
2026-08-04 15:15:00+00:00,3754.0,B19
2026-08-04 15:30:00+00:00,20975.0,B16
2026-08-04 15:30:00+00:00,3816.0,B19
2026-08-04 15:45:00+00:00,20574.0,B16
2026-08-04 15:45:00+00:00,3901.0,B19
2026-08-04 16:00:00+00:00,20552.0,B16
2026-08-04 16:00:00+00:00,4086.0,B19
2026-08-04 16:15:00+00:00,19857.0,B16
2026-08-04 16:15:00+00:00,4202.0,B19
2026-08-04 16:30:00+00:00,4359.0,B19
2026-08-04 16:30:00+00:00,18961.0,B16
2026-08-04 16:45:00+00:00,17889.0,B16
2026-08-04 16:45:00+00:00,4523.0,B19
2026-08-04 17:00:00+00:00,17384.0,B16
2026-08-04 17:00:00+00:00,4724.0,B19
2026-08-04 17:15:00+00:00,15643.0,B16
2026-08-04 17:15:00+00:00,4910.0,B19
2026-08-04 17:30:00+00:00,13603.0,B16
2026-08-04 17:30:00+00:00,5072.0,B19
2026-08-04 17:45:00+00:00,11239.0,B16
2026-08-04 17:45:00+00:00,5212.0,B19
2026-08-04 18:00:00+00:00,5550.0,B19
2026-08-04 18:00:00+00:00,9584.0,B16
2026-08-04 18:15:00+00:00,5666.0,B19
2026-08-04 18:15:00+00:00,7132.0,B16
2026-08-04 18:30:00+00:00,5780.0,B19
2026-08-04 18:30:00+00:00,5050.0,B16
2026-08-04 18:45:00+00:00,3373.0,B16
2026-08-04 18:45:00+00:00,5886.0,B19
2026-08-04 19:00:00+00:00,6059.0,B19
2026-08-04 19:00:00+00:00,1974.0,B16
2026-08-04 19:15:00+00:00,1176.0,B16
2026-08-04 19:15:00+00:00,6131.0,B19
2026-08-04 19:30:00+00:00,6179.0,B19
2026-08-04 19:30:00+00:00,732.0,B16
2026-08-04 19:45:00+00:00,6206.0,B19
2026-08-04 19:45:00+00:00,639.0,B16
2026-08-04 20:00:00+00:00,6229.0,B19
2026-08-04 20:00:00+00:00,597.0,B16
2026-08-04 20:15:00+00:00,574.0,B16
2026-08-04 20:15:00+00:00,6238.0,B19
2026-08-04 20:30:00+00:00,554.0,B16
2026-08-04 20:30:00+00:00,6244.0,B19
2026-08-04 20:45:00+00:00,6246.0,B19
2026-08-04 20:45:00+00:00,538.0,B16
2026-08-04 21:00:00+00:00,6236.0,B19
2026-08-04 21:00:00+00:00,511.0,B16
2026-08-04 21:15:00+00:00,6206.0,B19
2026-08-04 21:15:00+00:00,511.0,B16
2026-08-04 21:30:00+00:00,522.0,B16
2026-08-04 21:30:00+00:00,6152.0,B19
2026-08-04 21:45:00+00:00,539.0,B16
2026-08-04 21:45:00+00:00,6074.0,B19
2026-08-04 22:00:00+00:00,550.0,B16
2026-08-04 22:00:00+00:00,5966.0,B19
2026-08-04 22:15:00+00:00,5831.0,B19
2026-08-04 22:15:00+00:00,535.0,B16
2026-08-04 22:30:00+00:00,521.0,B16
2026-08-04 22:30:00+00:00,5698.0,B19
2026-08-04 22:45:00+00:00,508.0,B16
2026-08-04 22:45:00+00:00,5568.0,B19
2026-08-04 23:00:00+00:00,491.0,B16
2026-08-04 23:00:00+00:00,5431.0,B19
2026-08-04 23:15:00+00:00,5292.0,B19
2026-08-04 23:15:00+00:00,485.0,B16
2026-08-04 23:30:00+00:00,485.0,B16
2026-08-04 23:30:00+00:00,5148.0,B19
2026-08-04 23:45:00+00:00,487.0,B16
2026-08-04 23:45:00+00:00,4998.0,B19
2026-08-05 00:00:00+00:00,495.0,B16
2026-08-05 00:00:00+00:00,4836.0,B19
2026-08-05 00:15:00+00:00,497.0,B16
2026-08-05 00:15:00+00:00,4691.0,B19
2026-08-05 00:30:00+00:00,495.0,B16
2026-08-05 00:30:00+00:00,4552.0,B19
2026-08-05 00:45:00+00:00,490.0,B16
2026-08-05 00:45:00+00:00,4420.0,B19
2026-08-05 01:00:00+00:00,483.0,B16
2026-08-05 01:00:00+00:00,4287.0,B19
2026-08-05 01:15:00+00:00,4167.0,B19
2026-08-05 01:15:00+00:00,478.0,B16
2026-08-05 01:30:00+00:00,4052.0,B19
2026-08-05 01:30:00+00:00,473.0,B16
2026-08-05 01:45:00+00:00,3942.0,B19
2026-08-05 01:45:00+00:00,469.0,B16
2026-08-05 02:00:00+00:00,3851.0,B19
2026-08-05 02:00:00+00:00,470.0,B16
2026-08-05 02:15:00+00:00,3751.0,B19
2026-08-05 02:15:00+00:00,462.0,B16
2026-08-05 02:30:00+00:00,3657.0,B19
2026-08-05 02:30:00+00:00,449.0,B16
2026-08-05 02:45:00+00:00,3568.0,B19
2026-08-05 02:45:00+00:00,432.0,B16
2026-08-05 03:00:00+00:00,3490.0,B19
2026-08-05 03:00:00+00:00,420.0,B16
2026-08-05 03:15:00+00:00,3405.0,B19
2026-08-05 03:15:00+00:00,394.0,B16
2026-08-05 03:30:00+00:00,3322.0,B19
2026-08-05 03:30:00+00:00,364.0,B16
2026-08-05 03:45:00+00:00,3236.0,B19
2026-08-05 03:45:00+00:00,331.0,B16
2026-08-05 04:00:00+00:00,3175.0,B19
2026-08-05 04:00:00+00:00,299.0,B16
2026-08-05 04:15:00+00:00,268.0,B16
2026-08-05 04:15:00+00:00,3074.0,B19
2026-08-05 04:30:00+00:00,2959.0,B19
2026-08-05 04:30:00+00:00,242.0,B16
2026-08-05 04:45:00+00:00,2834.0,B19
2026-08-05 04:45:00+00:00,223.0,B16
2026-08-05 05:00:00+00:00,2725.0,B19
2026-08-05 05:00:00+00:00,465.0,B16
2026-08-05 05:15:00+00:00,2588.0,B19
2026-08-05 05:15:00+00:00,839.0,B16
2026-08-05 05:30:00+00:00,2449.0,B19
2026-08-05 05:30:00+00:00,1460.0,B16
2026-08-05 05:45:00+00:00,2311.0,B19
2026-08-05 05:45:00+00:00,2314.0,B16
2026-08-05 06:00:00+00:00,2192.0,B19
2026-08-05 06:00:00+00:00,4697.0,B16
2026-08-05 06:15:00+00:00,2059.0,B19
2026-08-05 06:15:00+00:00,6447.0,B16
2026-08-05 06:30:00+00:00,1929.0,B19
2026-08-05 06:30:00+00:00,8389.0,B16
2026-08-05 06:45:00+00:00,1772.0,B19
2026-08-05 06:45:00+00:00,10243.0,B16
2026-08-05 07:00:00+00:00,1638.0,B19
2026-08-05 07:00:00+00:00,13509.0,B16
2026-08-05 07:15:00+00:00,1542.0,B19
2026-08-05 07:15:00+00:00,15605.0,B16
2026-08-05 07:30:00+00:00,1460.0,B19
2026-08-05 07:30:00+00:00,17437.0,B16
2026-08-05 07:45:00+00:00,1392.0,B19
2026-08-05 07:45:00+00:00,18990.0,B16
2026-08-05 08:00:00+00:00,20368.0,B16
2026-08-05 08:00:00+00:00,1290.0,B19
2026-08-05 08:15:00+00:00,1258.0,B19
2026-08-05 08:15:00+00:00,21371.0,B16
2026-08-05 08:30:00+00:00,1239.0,B19
2026-08-05 08:30:00+00:00,22171.0,B16
2026-08-05 08:45:00+00:00,1231.0,B19
2026-08-05 08:45:00+00:00,22795.0,B16
2026-08-05 09:00:00+00:00,1211.0,B19
2026-08-05 09:00:00+00:00,23010.0,B16
2026-08-05 09:15:00+00:00,1230.0,B19
2026-08-05 09:15:00+00:00,23452.0,B16
2026-08-05 09:30:00+00:00,1255.0,B19
2026-08-05 09:30:00+00:00,23797.0,B16
2026-08-05 09:45:00+00:00,1285.0,B19
2026-08-05 09:45:00+00:00,24087.0,B16
2026-08-05 10:00:00+00:00,1288.0,B19
2026-08-05 10:00:00+00:00,24490.0,B16
2026-08-05 10:15:00+00:00,1350.0,B19
2026-08-05 10:15:00+00:00,24716.0,B16
2026-08-05 10:30:00+00:00,1426.0,B19
2026-08-05 10:30:00+00:00,24915.0,B16
2026-08-05 10:45:00+00:00,1512.0,B19
2026-08-05 10:45:00+00:00,25093.0,B16
2026-08-05 11:00:00+00:00,1544.0,B19
2026-08-05 11:00:00+00:00,25145.0,B16
2026-08-05 11:15:00+00:00,1640.0,B19
2026-08-05 11:15:00+00:00,25236.0,B16
2026-08-05 11:30:00+00:00,1745.0,B19
2026-08-05 11:30:00+00:00,25273.0,B16
2026-08-05 11:45:00+00:00,1845.0,B19
2026-08-05 11:45:00+00:00,25283.0,B16
2026-08-05 12:00:00+00:00,1871.0,B19
2026-08-05 12:00:00+00:00,24984.0,B16
2026-08-05 12:15:00+00:00,1988.0,B19
2026-08-05 12:15:00+00:00,24913.0,B16
2026-08-05 12:30:00+00:00,2123.0,B19
2026-08-05 12:30:00+00:00,24775.0,B16
2026-08-05 12:45:00+00:00,2263.0,B19
2026-08-05 12:45:00+00:00,24649.0,B16
2026-08-05 13:00:00+00:00,2443.0,B19
2026-08-05 13:00:00+00:00,24565.0,B16
2026-08-05 13:15:00+00:00,2588.0,B19
2026-08-05 13:15:00+00:00,24377.0,B16
2026-08-05 13:30:00+00:00,2734.0,B19
2026-08-05 13:30:00+00:00,24188.0,B16
2026-08-05 13:45:00+00:00,23975.0,B16
2026-08-05 13:45:00+00:00,2879.0,B19
2026-08-05 14:00:00+00:00,23714.0,B16
2026-08-05 14:00:00+00:00,2937.0,B19
2026-08-05 14:15:00+00:00,23443.0,B16
2026-08-05 14:15:00+00:00,3086.0,B19
2026-08-05 14:30:00+00:00,23179.0,B16
2026-08-05 14:30:00+00:00,3250.0,B19
2026-08-05 14:45:00+00:00,22890.0,B16
2026-08-05 14:45:00+00:00,3434.0,B19
2026-08-05 15:00:00+00:00,22922.0,B16
2026-08-05 15:00:00+00:00,3630.0,B19
2026-08-05 15:15:00+00:00,22515.0,B16
2026-08-05 15:15:00+00:00,3844.0,B19
2026-08-05 15:30:00+00:00,22014.0,B16
2026-08-05 15:30:00+00:00,4082.0,B19
2026-08-05 15:45:00+00:00,21441.0,B16
2026-08-05 15:45:00+00:00,4330.0,B19
2026-08-05 16:00:00+00:00,21352.0,B16
2026-08-05 16:00:00+00:00,4720.0,B19
2026-08-05 16:15:00+00:00,20476.0,B16
2026-08-05 16:15:00+00:00,4977.0,B19
2026-08-05 16:30:00+00:00,19436.0,B16
2026-08-05 16:30:00+00:00,5215.0,B19
2026-08-05 16:45:00+00:00,18108.0,B16
2026-08-05 16:45:00+00:00,5443.0,B19
2026-08-05 17:00:00+00:00,17373.0,B16
2026-08-05 17:00:00+00:00,6241.0,B19
2026-08-05 17:15:00+00:00,15636.0,B16
2026-08-05 17:15:00+00:00,6494.0,B19
2026-08-05 17:30:00+00:00,13504.0,B16
2026-08-05 17:30:00+00:00,6714.0,B19
2026-08-05 17:45:00+00:00,11176.0,B16
2026-08-05 17:45:00+00:00,6859.0,B19
2026-08-05 18:00:00+00:00,9590.0,B16
2026-08-05 18:00:00+00:00,7373.0,B19
2026-08-05 18:15:00+00:00,7235.0,B16
2026-08-05 18:15:00+00:00,7550.0,B19
2026-08-05 18:30:00+00:00,5195.0,B16
2026-08-05 18:30:00+00:00,7702.0,B19
2026-08-05 18:45:00+00:00,3515.0,B16
2026-08-05 18:45:00+00:00,7834.0,B19
2026-08-05 19:00:00+00:00,2100.0,B16
2026-08-05 19:00:00+00:00,7919.0,B19
2026-08-05 19:15:00+00:00,1260.0,B16
2026-08-05 19:15:00+00:00,8002.0,B19
2026-08-05 19:30:00+00:00,789.0,B16
2026-08-05 19:30:00+00:00,8057.0,B19
2026-08-05 19:45:00+00:00,672.0,B16
2026-08-05 19:45:00+00:00,8085.0,B19
2026-08-05 20:00:00+00:00,636.0,B16
2026-08-05 20:00:00+00:00,8121.0,B19
2026-08-05 20:15:00+00:00,623.0,B16
2026-08-05 20:15:00+00:00,8101.0,B19
2026-08-05 20:30:00+00:00,613.0,B16
2026-08-05 20:30:00+00:00,8061.0,B19
2026-08-05 20:45:00+00:00,605.0,B16
2026-08-05 20:45:00+00:00,8002.0,B19
2026-08-05 21:00:00+00:00,597.0,B16
2026-08-05 21:00:00+00:00,7948.0,B19
2026-08-05 21:15:00+00:00,591.0,B16
2026-08-05 21:15:00+00:00,7865.0,B19
2026-08-05 21:30:00+00:00,587.0,B16
2026-08-05 21:30:00+00:00,7775.0,B19
2026-08-05 21:45:00+00:00,7679.0,B19
2026-08-05 21:45:00+00:00,583.0,B16
2026-08-05 22:00:00+00:00,552.0,B16
2026-08-05 22:00:00+00:00,7507.0,B19
2026-08-05 22:15:00+00:00,537.0,B16
2026-08-05 22:15:00+00:00,7389.0,B19
2026-08-05 22:30:00+00:00,7255.0,B19
2026-08-05 22:30:00+00:00,522.0,B16
2026-08-05 22:45:00+00:00,509.0,B16
2026-08-05 22:45:00+00:00,7109.0,B19
2026-08-05 23:00:00+00:00,491.0,B16
2026-08-05 23:00:00+00:00,7007.0,B19
2026-08-05 23:15:00+00:00,6841.0,B19
2026-08-05 23:15:00+00:00,483.0,B16
2026-08-05 23:30:00+00:00,480.0,B16
2026-08-05 23:30:00+00:00,6668.0,B19
2026-08-05 23:45:00+00:00,480.0,B16
2026-08-05 23:45:00+00:00,6496.0,B19
2026-08-06 00:00:00+00:00,484.0,B16
2026-08-06 00:00:00+00:00,6310.0,B19
2026-08-06 00:15:00+00:00,484.0,B16
2026-08-06 00:15:00+00:00,6144.0,B19
2026-08-06 00:30:00+00:00,480.0,B16
2026-08-06 00:30:00+00:00,5985.0,B19
2026-08-06 00:45:00+00:00,5834.0,B19
2026-08-06 00:45:00+00:00,475.0,B16
2026-08-06 01:00:00+00:00,5667.0,B19
2026-08-06 01:00:00+00:00,469.0,B16
2026-08-06 01:15:00+00:00,5529.0,B19
2026-08-06 01:15:00+00:00,461.0,B16
2026-08-06 01:30:00+00:00,453.0,B16
2026-08-06 01:30:00+00:00,5397.0,B19
2026-08-06 01:45:00+00:00,444.0,B16
2026-08-06 01:45:00+00:00,5270.0,B19
2026-08-06 02:00:00+00:00,438.0,B16
2026-08-06 02:00:00+00:00,5132.0,B19
2026-08-06 02:15:00+00:00,426.0,B16
2026-08-06 02:15:00+00:00,5020.0,B19
2026-08-06 02:30:00+00:00,411.0,B16
2026-08-06 02:30:00+00:00,4916.0,B19
2026-08-06 02:45:00+00:00,394.0,B16
2026-08-06 02:45:00+00:00,4817.0,B19
2026-08-06 03:00:00+00:00,4725.0,B19
2026-08-06 03:00:00+00:00,380.0,B16
2026-08-06 03:15:00+00:00,4623.0,B19
2026-08-06 03:15:00+00:00,360.0,B16
2026-08-06 03:30:00+00:00,4515.0,B19
2026-08-06 03:30:00+00:00,339.0,B16
2026-08-06 03:45:00+00:00,4399.0,B19
2026-08-06 03:45:00+00:00,317.0,B16
2026-08-06 04:00:00+00:00,4304.0,B19
2026-08-06 04:00:00+00:00,296.0,B16
2026-08-06 04:15:00+00:00,4171.0,B19
2026-08-06 04:15:00+00:00,275.0,B16
2026-08-06 04:30:00+00:00,4029.0,B19
2026-08-06 04:30:00+00:00,256.0,B16
2026-08-06 04:45:00+00:00,3881.0,B19
2026-08-06 04:45:00+00:00,244.0,B16
2026-08-06 05:00:00+00:00,3742.0,B19
2026-08-06 05:00:00+00:00,437.0,B16
2026-08-06 05:15:00+00:00,782.0,B16
2026-08-06 05:15:00+00:00,3586.0,B19
2026-08-06 05:30:00+00:00,3429.0,B19
2026-08-06 05:30:00+00:00,1363.0,B16
2026-08-06 05:45:00+00:00,3272.0,B19
2026-08-06 05:45:00+00:00,2176.0,B16
2026-08-06 06:00:00+00:00,4605.0,B16
2026-08-06 06:00:00+00:00,3120.0,B19
2026-08-06 06:15:00+00:00,6365.0,B16
2026-08-06 06:15:00+00:00,2965.0,B19
2026-08-06 06:30:00+00:00,8331.0,B16
2026-08-06 06:30:00+00:00,2810.0,B19
2026-08-06 06:45:00+00:00,2660.0,B19
2026-08-06 06:45:00+00:00,10388.0,B16
2026-08-06 07:00:00+00:00,13864.0,B16
2026-08-06 07:00:00+00:00,2500.0,B19
2026-08-06 07:15:00+00:00,15575.0,B16
2026-08-06 07:15:00+00:00,2333.0,B19
2026-08-06 07:30:00+00:00,2209.0,B19
2026-08-06 07:30:00+00:00,17323.0,B16
2026-08-06 07:45:00+00:00,18748.0,B16
2026-08-06 07:45:00+00:00,2101.0,B19
2026-08-06 08:00:00+00:00,19962.0,B16
2026-08-06 08:00:00+00:00,1937.0,B19
2026-08-06 08:15:00+00:00,1849.0,B19
2026-08-06 08:15:00+00:00,20907.0,B16
2026-08-06 08:30:00+00:00,21644.0,B16
2026-08-06 08:30:00+00:00,1792.0,B19
2026-08-06 08:45:00+00:00,22221.0,B16
2026-08-06 08:45:00+00:00,1751.0,B19
2026-08-06 09:00:00+00:00,1610.0,B19
2026-08-06 09:00:00+00:00,22175.0,B16
2026-08-06 09:15:00+00:00,22522.0,B16
2026-08-06 09:15:00+00:00,1592.0,B19
2026-08-06 09:30:00+00:00,22787.0,B16
2026-08-06 09:30:00+00:00,1587.0,B19
2026-08-06 09:45:00+00:00,1591.0,B19
2026-08-06 09:45:00+00:00,22966.0,B16
2026-08-06 10:00:00+00:00,1534.0,B19
2026-08-06 10:00:00+00:00,22694.0,B16
2026-08-06 10:15:00+00:00,23040.0,B16
2026-08-06 10:15:00+00:00,1565.0,B19
2026-08-06 10:30:00+00:00,1609.0,B19
2026-08-06 10:30:00+00:00,23342.0,B16
2026-08-06 10:45:00+00:00,1658.0,B19
2026-08-06 10:45:00+00:00,23557.0,B16
2026-08-06 11:00:00+00:00,24235.0,B16
2026-08-06 11:00:00+00:00,1683.0,B19
2026-08-06 11:15:00+00:00,24353.0,B16
2026-08-06 11:15:00+00:00,1752.0,B19
2026-08-06 11:30:00+00:00,24419.0,B16
2026-08-06 11:30:00+00:00,1822.0,B19
2026-08-06 11:45:00+00:00,1899.0,B19
2026-08-06 11:45:00+00:00,24431.0,B16
2026-08-06 12:00:00+00:00,24399.0,B16
2026-08-06 12:00:00+00:00,1985.0,B19
2026-08-06 12:15:00+00:00,2075.0,B19
2026-08-06 12:15:00+00:00,24336.0,B16
2026-08-06 12:30:00+00:00,2171.0,B19
2026-08-06 12:30:00+00:00,24186.0,B16
2026-08-06 12:45:00+00:00,2268.0,B19
2026-08-06 12:45:00+00:00,24042.0,B16
2026-08-06 13:00:00+00:00,2396.0,B19
2026-08-06 13:00:00+00:00,23826.0,B16
2026-08-06 13:15:00+00:00,23627.0,B16
2026-08-06 13:15:00+00:00,2514.0,B19
2026-08-06 13:30:00+00:00,2644.0,B19
2026-08-06 13:30:00+00:00,23384.0,B16
2026-08-06 13:45:00+00:00,2792.0,B19
2026-08-06 13:45:00+00:00,23152.0,B16
2026-08-06 14:00:00+00:00,3011.0,B19
2026-08-06 14:00:00+00:00,22963.0,B16
2026-08-06 14:15:00+00:00,3173.0,B19
2026-08-06 14:15:00+00:00,22739.0,B16
2026-08-06 14:30:00+00:00,22474.0,B16
2026-08-06 14:30:00+00:00,3344.0,B19
2026-08-06 14:45:00+00:00,22169.0,B16
2026-08-06 14:45:00+00:00,3530.0,B19
2026-08-06 15:00:00+00:00,22010.0,B16
2026-08-06 15:00:00+00:00,3729.0,B19
2026-08-06 15:15:00+00:00,3909.0,B19
2026-08-06 15:15:00+00:00,21615.0,B16
2026-08-06 15:30:00+00:00,21154.0,B16
2026-08-06 15:30:00+00:00,4105.0,B19
2026-08-06 15:45:00+00:00,4295.0,B19
2026-08-06 15:45:00+00:00,20570.0,B16
2026-08-06 16:00:00+00:00,20012.0,B16
2026-08-06 16:00:00+00:00,4499.0,B19
2026-08-06 16:15:00+00:00,19079.0,B16
2026-08-06 16:15:00+00:00,4685.0,B19
2026-08-06 16:30:00+00:00,4878.0,B19
2026-08-06 16:30:00+00:00,18220.0,B16
2026-08-06 16:45:00+00:00,5053.0,B19
2026-08-06 16:45:00+00:00,16986.0,B16
2026-08-06 17:00:00+00:00,5647.0,B19
2026-08-06 17:00:00+00:00,16108.0,B16
2026-08-06 17:15:00+00:00,14700.0,B16
2026-08-06 17:15:00+00:00,5807.0,B19
2026-08-06 17:30:00+00:00,5926.0,B19
2026-08-06 17:30:00+00:00,12814.0,B16
2026-08-06 17:45:00+00:00,10760.0,B16
2026-08-06 17:45:00+00:00,6061.0,B19
2026-08-06 18:00:00+00:00,9664.0,B16
2026-08-06 18:00:00+00:00,6272.0,B19
2026-08-06 18:15:00+00:00,7298.0,B16
2026-08-06 18:15:00+00:00,6363.0,B19
2026-08-06 18:30:00+00:00,5257.0,B16
2026-08-06 18:30:00+00:00,6471.0,B19
2026-08-06 18:45:00+00:00,3567.0,B16
2026-08-06 18:45:00+00:00,6535.0,B19
2026-08-06 19:00:00+00:00,6603.0,B19
2026-08-06 19:00:00+00:00,2137.0,B16
2026-08-06 19:15:00+00:00,1305.0,B16
2026-08-06 19:15:00+00:00,6639.0,B19
2026-08-06 19:30:00+00:00,6651.0,B19
2026-08-06 19:30:00+00:00,827.0,B16
2026-08-06 19:45:00+00:00,6640.0,B19
2026-08-06 19:45:00+00:00,704.0,B16
2026-08-06 20:00:00+00:00,658.0,B16
2026-08-06 20:00:00+00:00,6685.0,B19
2026-08-06 20:15:00+00:00,6637.0,B19
2026-08-06 20:15:00+00:00,628.0,B16
2026-08-06 20:30:00+00:00,6576.0,B19
2026-08-06 20:30:00+00:00,601.0,B16
2026-08-06 20:45:00+00:00,577.0,B16
2026-08-06 20:45:00+00:00,6499.0,B19
2026-08-06 21:00:00+00:00,544.0,B16
2026-08-06 21:00:00+00:00,6487.0,B19
2026-08-06 21:15:00+00:00,536.0,B16
2026-08-06 21:15:00+00:00,6377.0,B19
2026-08-06 21:30:00+00:00,6251.0,B19
2026-08-06 21:30:00+00:00,539.0,B16
2026-08-06 21:45:00+00:00,547.0,B16
2026-08-06 21:45:00+00:00,6114.0,B19
2026-08-06 22:00:00+00:00,5872.0,B19
2026-08-06 22:00:00+00:00,574.0,B16
2026-08-06 22:15:00+00:00,565.0,B16
2026-08-06 22:15:00+00:00,5736.0,B19
2026-08-06 22:30:00+00:00,556.0,B16
2026-08-06 22:30:00+00:00,5599.0,B19
2026-08-06 22:45:00+00:00,549.0,B16
2026-08-06 22:45:00+00:00,5462.0,B19
2026-08-06 23:00:00+00:00,5357.0,B19
2026-08-06 23:00:00+00:00,537.0,B16
2026-08-06 23:15:00+00:00,534.0,B16
2026-08-06 23:15:00+00:00,5226.0,B19
2026-08-06 23:30:00+00:00,535.0,B16
2026-08-06 23:30:00+00:00,5100.0,B19
2026-08-06 23:45:00+00:00,4979.0,B19
2026-08-06 23:45:00+00:00,538.0,B16
2026-08-07 00:00:00+00:00,4869.0,B19
2026-08-07 00:00:00+00:00,546.0,B16
2026-08-07 00:15:00+00:00,4743.0,B19
2026-08-07 00:15:00+00:00,547.0,B16
2026-08-07 00:30:00+00:00,4612.0,B19
2026-08-07 00:30:00+00:00,545.0,B16
2026-08-07 00:45:00+00:00,4477.0,B19
2026-08-07 00:45:00+00:00,540.0,B16
2026-08-07 01:00:00+00:00,4343.0,B19
2026-08-07 01:00:00+00:00,534.0,B16
2026-08-07 01:15:00+00:00,526.0,B16
2026-08-07 01:15:00+00:00,4216.0,B19
2026-08-07 01:30:00+00:00,518.0,B16
2026-08-07 01:30:00+00:00,4070.0,B19
2026-08-07 01:45:00+00:00,510.0,B16
2026-08-07 01:45:00+00:00,3923.0,B19
2026-08-07 02:00:00+00:00,3796.0,B19
2026-08-07 02:00:00+00:00,504.0,B16
2026-08-07 02:15:00+00:00,3651.0,B19
2026-08-07 02:15:00+00:00,493.0,B16
2026-08-07 02:30:00+00:00,3508.0,B19
2026-08-07 02:30:00+00:00,481.0,B16
2026-08-07 02:45:00+00:00,3367.0,B19
2026-08-07 02:45:00+00:00,466.0,B16
2026-08-07 03:00:00+00:00,3243.0,B19
2026-08-07 03:00:00+00:00,457.0,B16
2026-08-07 03:15:00+00:00,3102.0,B19
2026-08-07 03:15:00+00:00,434.0,B16
2026-08-07 03:30:00+00:00,406.0,B16
2026-08-07 03:30:00+00:00,2960.0,B19
2026-08-07 03:45:00+00:00,375.0,B16
2026-08-07 03:45:00+00:00,2815.0,B19
2026-08-07 04:00:00+00:00,344.0,B16
2026-08-07 04:00:00+00:00,2693.0,B19
2026-08-07 04:15:00+00:00,2540.0,B19
2026-08-07 04:15:00+00:00,312.0,B16
2026-08-07 04:30:00+00:00,2382.0,B19
2026-08-07 04:30:00+00:00,283.0,B16
2026-08-07 04:45:00+00:00,2220.0,B19
2026-08-07 04:45:00+00:00,255.0,B16
2026-08-07 05:00:00+00:00,495.0,B16
2026-08-07 05:00:00+00:00,2081.0,B19
2026-08-07 05:15:00+00:00,1914.0,B19
2026-08-07 05:15:00+00:00,873.0,B16
2026-08-07 05:30:00+00:00,1506.0,B16
2026-08-07 05:30:00+00:00,1748.0,B19
2026-08-07 05:45:00+00:00,2385.0,B16
2026-08-07 05:45:00+00:00,1586.0,B19
2026-08-07 06:00:00+00:00,4893.0,B16
2026-08-07 06:00:00+00:00,1435.0,B19
2026-08-07 06:15:00+00:00,1293.0,B19
2026-08-07 06:15:00+00:00,6740.0,B16
2026-08-07 06:30:00+00:00,8800.0,B16
2026-08-07 06:30:00+00:00,1169.0,B19
2026-08-07 06:45:00+00:00,10741.0,B16
2026-08-07 06:45:00+00:00,1049.0,B19
2026-08-07 07:00:00+00:00,14091.0,B16
2026-08-07 07:00:00+00:00,933.0,B19
2026-08-07 07:15:00+00:00,16147.0,B16
2026-08-07 07:15:00+00:00,864.0,B19
2026-08-07 07:30:00+00:00,17895.0,B16
2026-08-07 07:30:00+00:00,812.0,B19
2026-08-07 07:45:00+00:00,19309.0,B16
2026-08-07 07:45:00+00:00,772.0,B19
2026-08-07 08:00:00+00:00,20723.0,B16
2026-08-07 08:00:00+00:00,702.0,B19
2026-08-07 08:15:00+00:00,692.0,B19
2026-08-07 08:15:00+00:00,21668.0,B16
2026-08-07 08:30:00+00:00,693.0,B19
2026-08-07 08:30:00+00:00,22384.0,B16
2026-08-07 08:45:00+00:00,709.0,B19
2026-08-07 08:45:00+00:00,22997.0,B16
2026-08-07 09:00:00+00:00,677.0,B19
2026-08-07 09:00:00+00:00,22916.0,B16
2026-08-07 09:15:00+00:00,725.0,B19
2026-08-07 09:15:00+00:00,23249.0,B16
2026-08-07 09:30:00+00:00,23520.0,B16
2026-08-07 09:30:00+00:00,786.0,B19
2026-08-07 09:45:00+00:00,23732.0,B16
2026-08-07 09:45:00+00:00,858.0,B19
2026-08-07 10:00:00+00:00,23563.0,B16
2026-08-07 10:00:00+00:00,889.0,B19
2026-08-07 10:15:00+00:00,976.0,B19
2026-08-07 10:15:00+00:00,23741.0,B16
2026-08-07 10:30:00+00:00,1067.0,B19
2026-08-07 10:30:00+00:00,23901.0,B16
2026-08-07 10:45:00+00:00,24033.0,B16
2026-08-07 10:45:00+00:00,1159.0,B19
2026-08-07 11:00:00+00:00,1249.0,B19
2026-08-07 11:00:00+00:00,24329.0,B16
2026-08-07 11:15:00+00:00,1350.0,B19
2026-08-07 11:15:00+00:00,24428.0,B16
2026-08-07 11:30:00+00:00,24502.0,B16
2026-08-07 11:30:00+00:00,1453.0,B19
2026-08-07 11:45:00+00:00,1558.0,B19
2026-08-07 11:45:00+00:00,24543.0,B16
2026-08-07 12:00:00+00:00,1685.0,B19
2026-08-07 12:00:00+00:00,24421.0,B16
2026-08-07 12:15:00+00:00,24383.0,B16
2026-08-07 12:15:00+00:00,1791.0,B19
2026-08-07 12:30:00+00:00,24273.0,B16
2026-08-07 12:30:00+00:00,1891.0,B19
2026-08-07 12:45:00+00:00,24147.0,B16
2026-08-07 12:45:00+00:00,1988.0,B19
2026-08-07 13:00:00+00:00,23895.0,B16
2026-08-07 13:00:00+00:00,2115.0,B19
2026-08-07 13:15:00+00:00,23686.0,B16
2026-08-07 13:15:00+00:00,2208.0,B19
2026-08-07 13:30:00+00:00,2307.0,B19
2026-08-07 13:30:00+00:00,23443.0,B16
2026-08-07 13:45:00+00:00,2407.0,B19
2026-08-07 13:45:00+00:00,23177.0,B16
2026-08-07 14:00:00+00:00,2527.0,B19
2026-08-07 14:00:00+00:00,23103.0,B16
2026-08-07 14:15:00+00:00,2633.0,B19
2026-08-07 14:15:00+00:00,22771.0,B16
2026-08-07 14:30:00+00:00,2744.0,B19
2026-08-07 14:30:00+00:00,22489.0,B16
2026-08-07 14:45:00+00:00,2847.0,B19
2026-08-07 14:45:00+00:00,21995.0,B16
2026-08-07 15:00:00+00:00,3275.0,B19
2026-08-07 15:00:00+00:00,21958.0,B16
2026-08-07 15:15:00+00:00,21217.0,B16
2026-08-07 15:15:00+00:00,3377.0,B19
2026-08-07 15:30:00+00:00,3470.0,B19
2026-08-07 15:30:00+00:00,20350.0,B16
2026-08-07 15:45:00+00:00,19423.0,B16
2026-08-07 15:45:00+00:00,3543.0,B19
2026-08-07 16:00:00+00:00,18697.0,B16
2026-08-07 16:00:00+00:00,3589.0,B19
2026-08-07 16:15:00+00:00,3654.0,B19
2026-08-07 16:15:00+00:00,18125.0,B16
2026-08-07 16:30:00+00:00,3719.0,B19
2026-08-07 16:30:00+00:00,17407.0,B16
2026-08-07 16:45:00+00:00,3777.0,B19
2026-08-07 16:45:00+00:00,16548.0,B16
2026-08-07 17:00:00+00:00,16989.0,B16
2026-08-07 17:00:00+00:00,4109.0,B19
2026-08-07 17:15:00+00:00,15367.0,B16
2026-08-07 17:15:00+00:00,4181.0,B19
2026-08-07 17:30:00+00:00,13310.0,B16
2026-08-07 17:30:00+00:00,4266.0,B19
2026-08-07 17:45:00+00:00,4360.0,B19
2026-08-07 17:45:00+00:00,11137.0,B16
2026-08-07 18:00:00+00:00,9664.0,B16
2026-08-07 18:00:00+00:00,4594.0,B19
2026-08-07 18:15:00+00:00,4658.0,B19
2026-08-07 18:15:00+00:00,7240.0,B16
2026-08-07 18:30:00+00:00,5148.0,B16
2026-08-07 18:30:00+00:00,4679.0,B19
2026-08-07 18:45:00+00:00,3430.0,B16
2026-08-07 18:45:00+00:00,4727.0,B19
2026-08-07 19:00:00+00:00,1962.0,B16
2026-08-07 19:00:00+00:00,4807.0,B19
2026-08-07 19:15:00+00:00,4830.0,B19
2026-08-07 19:15:00+00:00,1137.0,B16
2026-08-07 19:30:00+00:00,686.0,B16
2026-08-07 19:30:00+00:00,4836.0,B19
2026-08-07 19:45:00+00:00,4830.0,B19
2026-08-07 19:45:00+00:00,614.0,B16
2026-08-07 20:00:00+00:00,586.0,B16
2026-08-07 20:00:00+00:00,4821.0,B19
2026-08-07 20:15:00+00:00,4792.0,B19
2026-08-07 20:15:00+00:00,567.0,B16
2026-08-07 20:30:00+00:00,4758.0,B19
2026-08-07 20:30:00+00:00,544.0,B16
2026-08-07 20:45:00+00:00,4718.0,B19
2026-08-07 20:45:00+00:00,522.0,B16
2026-08-07 21:00:00+00:00,4662.0,B19
2026-08-07 21:00:00+00:00,485.0,B16
2026-08-07 21:15:00+00:00,481.0,B16
2026-08-07 21:15:00+00:00,4614.0,B19
2026-08-07 21:30:00+00:00,491.0,B16
2026-08-07 21:30:00+00:00,4564.0,B19
2026-08-07 21:45:00+00:00,4508.0,B19
2026-08-07 21:45:00+00:00,510.0,B16
2026-08-07 22:00:00+00:00,535.0,B16
2026-08-07 22:00:00+00:00,4054.0,B19
2026-08-07 22:15:00+00:00,3939.0,B19
2026-08-07 22:15:00+00:00,516.0,B16
2026-08-07 22:30:00+00:00,3826.0,B19
2026-08-07 22:30:00+00:00,497.0,B16
2026-08-07 22:45:00+00:00,3717.0,B19
2026-08-07 22:45:00+00:00,479.0,B16
2026-08-07 23:00:00+00:00,3617.0,B19
2026-08-07 23:00:00+00:00,450.0,B16
2026-08-07 23:15:00+00:00,3502.0,B19
2026-08-07 23:15:00+00:00,447.0,B16
2026-08-07 23:30:00+00:00,3380.0,B19
2026-08-07 23:30:00+00:00,455.0,B16
2026-08-07 23:45:00+00:00,3252.0,B19
2026-08-07 23:45:00+00:00,469.0,B16
2026-08-08 00:00:00+00:00,3151.0,B19
2026-08-08 00:00:00+00:00,498.0,B16
2026-08-08 00:15:00+00:00,3018.0,B19
2026-08-08 00:15:00+00:00,506.0,B16
2026-08-08 00:30:00+00:00,501.0,B16
2026-08-08 00:30:00+00:00,2886.0,B19
2026-08-08 00:45:00+00:00,489.0,B16
2026-08-08 00:45:00+00:00,2757.0,B19
2026-08-08 01:00:00+00:00,469.0,B16
2026-08-08 01:00:00+00:00,2656.0,B19
2026-08-08 01:15:00+00:00,455.0,B16
2026-08-08 01:15:00+00:00,2534.0,B19
2026-08-08 01:30:00+00:00,446.0,B16
2026-08-08 01:30:00+00:00,2417.0,B19
2026-08-08 01:45:00+00:00,441.0,B16
2026-08-08 01:45:00+00:00,2306.0,B19
2026-08-08 02:00:00+00:00,2202.0,B19
2026-08-08 02:00:00+00:00,440.0,B16
2026-08-08 02:15:00+00:00,436.0,B16
2026-08-08 02:15:00+00:00,2104.0,B19
2026-08-08 02:30:00+00:00,429.0,B16
2026-08-08 02:30:00+00:00,2013.0,B19
2026-08-08 02:45:00+00:00,419.0,B16
2026-08-08 02:45:00+00:00,1927.0,B19
2026-08-08 03:00:00+00:00,1845.0,B19
2026-08-08 03:00:00+00:00,412.0,B16
2026-08-08 03:15:00+00:00,396.0,B16
2026-08-08 03:15:00+00:00,1773.0,B19
2026-08-08 03:30:00+00:00,376.0,B16
2026-08-08 03:30:00+00:00,1706.0,B19
2026-08-08 03:45:00+00:00,354.0,B16
2026-08-08 03:45:00+00:00,1642.0,B19
2026-08-08 04:00:00+00:00,340.0,B16
2026-08-08 04:00:00+00:00,1592.0,B19
2026-08-08 04:15:00+00:00,1530.0,B19
2026-08-08 04:15:00+00:00,310.0,B16
2026-08-08 04:30:00+00:00,1467.0,B19
2026-08-08 04:30:00+00:00,276.0,B16
2026-08-08 04:45:00+00:00,239.0,B16
2026-08-08 04:45:00+00:00,1402.0,B19
2026-08-08 05:00:00+00:00,463.0,B16
2026-08-08 05:00:00+00:00,1346.0,B19
2026-08-08 05:15:00+00:00,804.0,B16
2026-08-08 05:15:00+00:00,1279.0,B19
2026-08-08 05:30:00+00:00,1212.0,B19
2026-08-08 05:30:00+00:00,1383.0,B16
2026-08-08 05:45:00+00:00,1142.0,B19
2026-08-08 05:45:00+00:00,2188.0,B16
2026-08-08 06:00:00+00:00,1070.0,B19
2026-08-08 06:00:00+00:00,4487.0,B16
2026-08-08 06:15:00+00:00,1016.0,B19
2026-08-08 06:15:00+00:00,6180.0,B16
2026-08-08 06:30:00+00:00,972.0,B19
2026-08-08 06:30:00+00:00,8081.0,B16
2026-08-08 06:45:00+00:00,940.0,B19
2026-08-08 06:45:00+00:00,10067.0,B16
2026-08-08 07:00:00+00:00,878.0,B19
2026-08-08 07:00:00+00:00,12972.0,B16
2026-08-08 07:15:00+00:00,15000.0,B16
2026-08-08 07:15:00+00:00,878.0,B19
2026-08-08 07:30:00+00:00,896.0,B19
2026-08-08 07:30:00+00:00,16718.0,B16
2026-08-08 07:45:00+00:00,18174.0,B16
2026-08-08 07:45:00+00:00,934.0,B19
2026-08-08 08:00:00+00:00,959.0,B19
2026-08-08 08:00:00+00:00,19866.0,B16
2026-08-08 08:15:00+00:00,1034.0,B19
2026-08-08 08:15:00+00:00,20750.0,B16
2026-08-08 08:30:00+00:00,21343.0,B16
2026-08-08 08:30:00+00:00,1110.0,B19
2026-08-08 08:45:00+00:00,21691.0,B16
2026-08-08 08:45:00+00:00,1213.0,B19
2026-08-08 09:00:00+00:00,22253.0,B16
2026-08-08 09:00:00+00:00,1368.0,B19
2026-08-08 09:15:00+00:00,1506.0,B19
2026-08-08 09:15:00+00:00,22363.0,B16
2026-08-08 09:30:00+00:00,22594.0,B16
2026-08-08 09:30:00+00:00,1651.0,B19
2026-08-08 09:45:00+00:00,22778.0,B16
2026-08-08 09:45:00+00:00,1806.0,B19
2026-08-08 10:00:00+00:00,2012.0,B19
2026-08-08 10:00:00+00:00,22766.0,B16
2026-08-08 10:15:00+00:00,22837.0,B16
2026-08-08 10:15:00+00:00,2188.0,B19
2026-08-08 10:30:00+00:00,22926.0,B16
2026-08-08 10:30:00+00:00,2374.0,B19
2026-08-08 10:45:00+00:00,2568.0,B19
2026-08-08 10:45:00+00:00,23022.0,B16
2026-08-08 11:00:00+00:00,2824.0,B19
2026-08-08 11:00:00+00:00,23116.0,B16
2026-08-08 11:15:00+00:00,23128.0,B16
2026-08-08 11:15:00+00:00,3035.0,B19
2026-08-08 11:30:00+00:00,3249.0,B19
2026-08-08 11:30:00+00:00,23102.0,B16
2026-08-08 11:45:00+00:00,23010.0,B16
2026-08-08 11:45:00+00:00,3463.0,B19
2026-08-08 12:00:00+00:00,22977.0,B16
2026-08-08 12:00:00+00:00,3750.0,B19
2026-08-08 12:15:00+00:00,3984.0,B19
2026-08-08 12:15:00+00:00,22757.0,B16
2026-08-08 12:30:00+00:00,22531.0,B16
2026-08-08 12:30:00+00:00,4235.0,B19
2026-08-08 12:45:00+00:00,4488.0,B19
2026-08-08 12:45:00+00:00,22257.0,B16
2026-08-08 13:00:00+00:00,4812.0,B19
2026-08-08 13:00:00+00:00,21640.0,B16
2026-08-08 13:15:00+00:00,5062.0,B19
2026-08-08 13:15:00+00:00,21357.0,B16
2026-08-08 13:30:00+00:00,5297.0,B19
2026-08-08 13:30:00+00:00,21085.0,B16
2026-08-08 13:45:00+00:00,20828.0,B16
2026-08-08 13:45:00+00:00,5514.0,B19
2026-08-08 14:00:00+00:00,5747.0,B19
2026-08-08 14:00:00+00:00,20719.0,B16
2026-08-08 14:15:00+00:00,5927.0,B19
2026-08-08 14:15:00+00:00,20396.0,B16
2026-08-08 14:30:00+00:00,6085.0,B19
2026-08-08 14:30:00+00:00,20020.0,B16
2026-08-08 14:45:00+00:00,19506.0,B16
2026-08-08 14:45:00+00:00,6226.0,B19
2026-08-08 15:00:00+00:00,5744.0,B19
2026-08-08 15:00:00+00:00,18250.0,B16
2026-08-08 15:15:00+00:00,17558.0,B16
2026-08-08 15:15:00+00:00,5869.0,B19
2026-08-08 15:30:00+00:00,17307.0,B16
2026-08-08 15:30:00+00:00,6074.0,B19
2026-08-08 15:45:00+00:00,17009.0,B16
2026-08-08 15:45:00+00:00,6134.0,B19
2026-08-08 16:00:00+00:00,6411.0,B19
2026-08-08 16:00:00+00:00,17177.0,B16
2026-08-08 16:15:00+00:00,16697.0,B16
2026-08-08 16:15:00+00:00,6420.0,B19
2026-08-08 16:30:00+00:00,16040.0,B16
2026-08-08 16:30:00+00:00,6405.0,B19
2026-08-08 16:45:00+00:00,15205.0,B16
2026-08-08 16:45:00+00:00,6389.0,B19
2026-08-08 17:00:00+00:00,14692.0,B16
2026-08-08 17:00:00+00:00,6573.0,B19
2026-08-08 17:15:00+00:00,13334.0,B16
2026-08-08 17:15:00+00:00,6506.0,B19
2026-08-08 17:30:00+00:00,11477.0,B16
2026-08-08 17:30:00+00:00,6437.0,B19
2026-08-08 17:45:00+00:00,9369.0,B16
2026-08-08 17:45:00+00:00,6357.0,B19
2026-08-08 18:00:00+00:00,6528.0,B19
2026-08-08 18:00:00+00:00,7855.0,B16
2026-08-08 18:15:00+00:00,5788.0,B16
2026-08-08 18:15:00+00:00,6444.0,B19
2026-08-08 18:30:00+00:00,6361.0,B19
2026-08-08 18:30:00+00:00,4062.0,B16
2026-08-08 18:45:00+00:00,6273.0,B19
2026-08-08 18:45:00+00:00,2694.0,B16
2026-08-08 19:00:00+00:00,1523.0,B16
2026-08-08 19:00:00+00:00,6205.0,B19
2026-08-08 19:15:00+00:00,6095.0,B19
2026-08-08 19:15:00+00:00,931.0,B16
2026-08-08 19:30:00+00:00,5972.0,B19
2026-08-08 19:30:00+00:00,616.0,B16
2026-08-08 19:45:00+00:00,5835.0,B19
2026-08-08 19:45:00+00:00,580.0,B16
2026-08-08 20:00:00+00:00,5701.0,B19
2026-08-08 20:00:00+00:00,545.0,B16
2026-08-08 20:15:00+00:00,530.0,B16
2026-08-08 20:15:00+00:00,5546.0,B19
2026-08-08 20:30:00+00:00,520.0,B16
2026-08-08 20:30:00+00:00,5388.0,B19
2026-08-08 20:45:00+00:00,5233.0,B19
2026-08-08 20:45:00+00:00,512.0,B16
2026-08-08 21:00:00+00:00,510.0,B16
2026-08-08 21:00:00+00:00,5041.0,B19
2026-08-08 21:15:00+00:00,502.0,B16
2026-08-08 21:15:00+00:00,4921.0,B19
2026-08-08 21:30:00+00:00,491.0,B16
2026-08-08 21:30:00+00:00,4826.0,B19
2026-08-08 21:45:00+00:00,478.0,B16
2026-08-08 21:45:00+00:00,4752.0,B19
2026-08-08 22:00:00+00:00,459.0,B16
2026-08-08 22:00:00+00:00,4796.0,B19
2026-08-08 22:15:00+00:00,4724.0,B19
2026-08-08 22:15:00+00:00,447.0,B16
2026-08-08 22:30:00+00:00,4709.0,B19
2026-08-08 22:30:00+00:00,433.0,B16
2026-08-08 22:45:00+00:00,419.0,B16
2026-08-08 22:45:00+00:00,4721.0,B19
2026-08-08 23:00:00+00:00,4835.0,B19
2026-08-08 23:00:00+00:00,396.0,B16
2026-08-08 23:15:00+00:00,391.0,B16
2026-08-08 23:15:00+00:00,4778.0,B19
2026-08-08 23:30:00+00:00,4641.0,B19
2026-08-08 23:30:00+00:00,395.0,B16
2026-08-08 23:45:00+00:00,4450.0,B19
2026-08-08 23:45:00+00:00,404.0,B16
2026-08-09 00:00:00+00:00,4200.0,B19
2026-08-09 00:00:00+00:00,422.0,B16
2026-08-09 00:15:00+00:00,4026.0,B19
2026-08-09 00:15:00+00:00,430.0,B16
2026-08-09 00:30:00+00:00,3912.0,B19
2026-08-09 00:30:00+00:00,433.0,B16
2026-08-09 00:45:00+00:00,3840.0,B19
2026-08-09 00:45:00+00:00,431.0,B16
2026-08-09 01:00:00+00:00,3859.0,B19
2026-08-09 01:00:00+00:00,427.0,B16
2026-08-09 01:15:00+00:00,421.0,B16
2026-08-09 01:15:00+00:00,3787.0,B19
2026-08-09 01:30:00+00:00,417.0,B16
2026-08-09 01:30:00+00:00,3682.0,B19
2026-08-09 01:45:00+00:00,3555.0,B19
2026-08-09 01:45:00+00:00,412.0,B16
2026-08-09 02:00:00+00:00,411.0,B16
2026-08-09 02:00:00+00:00,3387.0,B19
2026-08-09 02:15:00+00:00,404.0,B16
2026-08-09 02:15:00+00:00,3272.0,B19
2026-08-09 02:30:00+00:00,394.0,B16
2026-08-09 02:30:00+00:00,3186.0,B19
2026-08-09 02:45:00+00:00,3126.0,B19
2026-08-09 02:45:00+00:00,381.0,B16
2026-08-09 03:00:00+00:00,3037.0,B19
2026-08-09 03:00:00+00:00,374.0,B16
2026-08-09 03:15:00+00:00,352.0,B16
2026-08-09 03:15:00+00:00,3013.0,B19
2026-08-09 03:30:00+00:00,2996.0,B19
2026-08-09 03:30:00+00:00,325.0,B16
2026-08-09 03:45:00+00:00,2986.0,B19
2026-08-09 03:45:00+00:00,295.0,B16
2026-08-09 04:00:00+00:00,2975.0,B19
2026-08-09 04:00:00+00:00,266.0,B16
2026-08-09 04:15:00+00:00,2971.0,B19
2026-08-09 04:15:00+00:00,237.0,B16
2026-08-09 04:30:00+00:00,211.0,B16
2026-08-09 04:30:00+00:00,2965.0,B19
2026-08-09 04:45:00+00:00,2943.0,B19
2026-08-09 04:45:00+00:00,189.0,B16
2026-08-09 05:00:00+00:00,301.0,B16
2026-08-09 05:00:00+00:00,2985.0,B19
2026-08-09 05:15:00+00:00,2878.0,B19
2026-08-09 05:15:00+00:00,556.0,B16
2026-08-09 05:30:00+00:00,1010.0,B16
2026-08-09 05:30:00+00:00,2713.0,B19
2026-08-09 05:45:00+00:00,2511.0,B19
2026-08-09 05:45:00+00:00,1672.0,B16
2026-08-09 06:00:00+00:00,2268.0,B19
2026-08-09 06:00:00+00:00,3914.0,B16
2026-08-09 06:15:00+00:00,2083.0,B19
2026-08-09 06:15:00+00:00,5596.0,B16
2026-08-09 06:30:00+00:00,7550.0,B16
2026-08-09 06:30:00+00:00,1942.0,B19
2026-08-09 06:45:00+00:00,9635.0,B16
2026-08-09 06:45:00+00:00,1846.0,B19
2026-08-09 07:00:00+00:00,13324.0,B16
2026-08-09 07:00:00+00:00,1756.0,B19
2026-08-09 07:15:00+00:00,1724.0,B19
2026-08-09 07:15:00+00:00,15330.0,B16
2026-08-09 07:30:00+00:00,16764.0,B16
2026-08-09 07:30:00+00:00,1702.0,B19
2026-08-09 07:45:00+00:00,17948.0,B16
2026-08-09 07:45:00+00:00,1713.0,B19
2026-08-09 08:00:00+00:00,1675.0,B19
2026-08-09 08:00:00+00:00,19658.0,B16
2026-08-09 08:15:00+00:00,20595.0,B16
2026-08-09 08:15:00+00:00,1744.0,B19
2026-08-09 08:30:00+00:00,21298.0,B16
2026-08-09 08:30:00+00:00,1834.0,B19
2026-08-09 08:45:00+00:00,21792.0,B16
2026-08-09 08:45:00+00:00,1946.0,B19
2026-08-09 09:00:00+00:00,22437.0,B16
2026-08-09 09:00:00+00:00,2080.0,B19
2026-08-09 09:15:00+00:00,2227.0,B19
2026-08-09 09:15:00+00:00,22752.0,B16
2026-08-09 09:30:00+00:00,2382.0,B19
2026-08-09 09:30:00+00:00,23026.0,B16
2026-08-09 09:45:00+00:00,2545.0,B19
2026-08-09 09:45:00+00:00,23230.0,B16
2026-08-09 10:00:00+00:00,22273.0,B16
2026-08-09 10:00:00+00:00,2700.0,B19
2026-08-09 10:15:00+00:00,22384.0,B16
2026-08-09 10:15:00+00:00,2870.0,B19
2026-08-09 10:30:00+00:00,22435.0,B16
2026-08-09 10:30:00+00:00,3040.0,B19
2026-08-09 10:45:00+00:00,22450.0,B16
2026-08-09 10:45:00+00:00,3207.0,B19
2026-08-09 11:00:00+00:00,3484.0,B19
2026-08-09 11:00:00+00:00,23737.0,B16
2026-08-09 11:15:00+00:00,3640.0,B19
2026-08-09 11:15:00+00:00,23696.0,B16
2026-08-09 11:30:00+00:00,23694.0,B16
2026-08-09 11:30:00+00:00,3787.0,B19
2026-08-09 11:45:00+00:00,23718.0,B16
2026-08-09 11:45:00+00:00,3935.0,B19
2026-08-09 12:00:00+00:00,23853.0,B16
2026-08-09 12:00:00+00:00,4049.0,B19
2026-08-09 12:15:00+00:00,23782.0,B16
2026-08-09 12:15:00+00:00,4236.0,B19
2026-08-09 12:30:00+00:00,4456.0,B19
2026-08-09 12:30:00+00:00,23661.0,B16
2026-08-09 12:45:00+00:00,23491.0,B16
2026-08-09 12:45:00+00:00,4699.0,B19
2026-08-09 13:00:00+00:00,22071.0,B16
2026-08-09 13:00:00+00:00,4811.0,B19
2026-08-09 13:15:00+00:00,21887.0,B16
2026-08-09 13:15:00+00:00,5038.0,B19
2026-08-09 13:30:00+00:00,5236.0,B19
2026-08-09 13:30:00+00:00,21684.0,B16
2026-08-09 13:45:00+00:00,5307.0,B19
2026-08-09 13:45:00+00:00,21285.0,B16
2026-08-09 14:00:00+00:00,5282.0,B19
2026-08-09 14:00:00+00:00,20941.0,B16
2026-08-09 14:15:00+00:00,20797.0,B16
2026-08-09 14:15:00+00:00,5369.0,B19
2026-08-09 14:30:00+00:00,5443.0,B19
2026-08-09 14:30:00+00:00,20550.0,B16
2026-08-09 14:45:00+00:00,20356.0,B16
2026-08-09 14:45:00+00:00,5481.0,B19
2026-08-09 15:00:00+00:00,5358.0,B19
2026-08-09 15:00:00+00:00,19977.0,B16
2026-08-09 15:15:00+00:00,5423.0,B19
2026-08-09 15:15:00+00:00,19708.0,B16
2026-08-09 15:30:00+00:00,19355.0,B16
2026-08-09 15:30:00+00:00,5519.0,B19
2026-08-09 15:45:00+00:00,5693.0,B19
2026-08-09 15:45:00+00:00,18957.0,B16
2026-08-09 16:00:00+00:00,5872.0,B19
2026-08-09 16:00:00+00:00,18715.0,B16
2026-08-09 16:15:00+00:00,5985.0,B19
2026-08-09 16:15:00+00:00,18059.0,B16
2026-08-09 16:30:00+00:00,6125.0,B19
2026-08-09 16:30:00+00:00,17323.0,B16
2026-08-09 16:45:00+00:00,6208.0,B19
2026-08-09 16:45:00+00:00,16292.0,B16
2026-08-09 17:00:00+00:00,15920.0,B16
2026-08-09 17:00:00+00:00,6485.0,B19
2026-08-09 17:15:00+00:00,14260.0,B16
2026-08-09 17:15:00+00:00,6512.0,B19
2026-08-09 17:30:00+00:00,6537.0,B19
2026-08-09 17:30:00+00:00,12156.0,B16
2026-08-09 17:45:00+00:00,9900.0,B16
2026-08-09 17:45:00+00:00,6579.0,B19
2026-08-09 18:00:00+00:00,8159.0,B16
2026-08-09 18:00:00+00:00,6877.0,B19
2026-08-09 18:15:00+00:00,5923.0,B16
2026-08-09 18:15:00+00:00,6887.0,B19
2026-08-09 18:30:00+00:00,4087.0,B16
2026-08-09 18:30:00+00:00,6893.0,B19
2026-08-09 18:45:00+00:00,6895.0,B19
2026-08-09 18:45:00+00:00,2668.0,B16
2026-08-09 19:00:00+00:00,6896.0,B19
2026-08-09 19:00:00+00:00,1431.0,B16
2026-08-09 19:15:00+00:00,6895.0,B19
2026-08-09 19:15:00+00:00,878.0,B16
2026-08-09 19:30:00+00:00,6893.0,B19
2026-08-09 19:30:00+00:00,606.0,B16
2026-08-09 19:45:00+00:00,570.0,B16
2026-08-09 19:45:00+00:00,6885.0,B19
2026-08-09 20:00:00+00:00,541.0,B16
2026-08-09 20:00:00+00:00,6916.0,B19
2026-08-09 20:15:00+00:00,6869.0,B19
2026-08-09 20:15:00+00:00,529.0,B16
2026-08-09 20:30:00+00:00,6793.0,B19
2026-08-09 20:30:00+00:00,519.0,B16
2026-08-09 20:45:00+00:00,6696.0,B19
2026-08-09 20:45:00+00:00,510.0,B16
2026-08-09 21:00:00+00:00,6593.0,B19
2026-08-09 21:00:00+00:00,497.0,B16
2026-08-09 21:15:00+00:00,6482.0,B19
2026-08-09 21:15:00+00:00,494.0,B16
2026-08-09 21:30:00+00:00,493.0,B16
2026-08-09 21:30:00+00:00,6376.0,B19
2026-08-09 21:45:00+00:00,495.0,B16
2026-08-09 21:45:00+00:00,6270.0,B19
2026-08-09 22:00:00+00:00,496.0,B16
2026-08-09 22:00:00+00:00,6529.0,B19
2026-08-09 22:15:00+00:00,6429.0,B19
2026-08-09 22:15:00+00:00,482.0,B16
2026-08-09 22:30:00+00:00,6332.0,B19
2026-08-09 22:30:00+00:00,467.0,B16
2026-08-09 22:45:00+00:00,6234.0,B19
2026-08-09 22:45:00+00:00,451.0,B16
2026-08-09 23:00:00+00:00,428.0,B16
2026-08-09 23:00:00+00:00,6152.0,B19
2026-08-09 23:15:00+00:00,422.0,B16
2026-08-09 23:15:00+00:00,6029.0,B19
2026-08-09 23:30:00+00:00,5885.0,B19
2026-08-09 23:30:00+00:00,423.0,B16
2026-08-09 23:45:00+00:00,428.0,B16
2026-08-09 23:45:00+00:00,5728.0,B19
2026-08-10 00:00:00+00:00,5565.0,B19
2026-08-10 00:00:00+00:00,441.0,B16
2026-08-10 00:15:00+00:00,5407.0,B19
2026-08-10 00:15:00+00:00,446.0,B16
2026-08-10 00:30:00+00:00,5260.0,B19
2026-08-10 00:30:00+00:00,445.0,B16
2026-08-10 00:45:00+00:00,441.0,B16
2026-08-10 00:45:00+00:00,5119.0,B19
2026-08-10 01:00:00+00:00,435.0,B16
2026-08-10 01:00:00+00:00,4986.0,B19
2026-08-10 01:15:00+00:00,428.0,B16
2026-08-10 01:15:00+00:00,4844.0,B19
2026-08-10 01:30:00+00:00,4694.0,B19
2026-08-10 01:30:00+00:00,421.0,B16
2026-08-10 01:45:00+00:00,416.0,B16
2026-08-10 01:45:00+00:00,4535.0,B19
2026-08-10 02:00:00+00:00,4378.0,B19
2026-08-10 02:00:00+00:00,413.0,B16
2026-08-10 02:15:00+00:00,4207.0,B19
2026-08-10 02:15:00+00:00,406.0,B16
2026-08-10 02:30:00+00:00,4034.0,B19
2026-08-10 02:30:00+00:00,396.0,B16
2026-08-10 02:45:00+00:00,384.0,B16
2026-08-10 02:45:00+00:00,3862.0,B19
2026-08-10 03:00:00+00:00,379.0,B16
2026-08-10 03:00:00+00:00,3693.0,B19
2026-08-10 03:15:00+00:00,357.0,B16
2026-08-10 03:15:00+00:00,3532.0,B19
2026-08-10 03:30:00+00:00,329.0,B16
2026-08-10 03:30:00+00:00,3382.0,B19
2026-08-10 03:45:00+00:00,299.0,B16
2026-08-10 03:45:00+00:00,3236.0,B19
2026-08-10 04:00:00+00:00,266.0,B16
2026-08-10 04:00:00+00:00,3137.0,B19
2026-08-10 04:15:00+00:00,2980.0,B19
2026-08-10 04:15:00+00:00,239.0,B16
2026-08-10 04:30:00+00:00,217.0,B16
2026-08-10 04:30:00+00:00,2811.0,B19
2026-08-10 04:45:00+00:00,198.0,B16
2026-08-10 04:45:00+00:00,2632.0,B19
2026-08-10 05:00:00+00:00,295.0,B16
2026-08-10 05:00:00+00:00,2477.0,B19
2026-08-10 05:15:00+00:00,2286.0,B19
2026-08-10 05:15:00+00:00,529.0,B16
2026-08-10 05:30:00+00:00,948.0,B16
2026-08-10 05:30:00+00:00,2097.0,B19
2026-08-10 05:45:00+00:00,1913.0,B19
2026-08-10 05:45:00+00:00,1576.0,B16
2026-08-10 06:00:00+00:00,1731.0,B19
2026-08-10 06:00:00+00:00,3776.0,B16
2026-08-10 06:15:00+00:00,1574.0,B19
2026-08-10 06:15:00+00:00,5488.0,B16
2026-08-10 06:30:00+00:00,7528.0,B16
2026-08-10 06:30:00+00:00,1437.0,B19
2026-08-10 06:45:00+00:00,9729.0,B16
2026-08-10 06:45:00+00:00,1320.0,B19
2026-08-10 07:00:00+00:00,1193.0,B19
2026-08-10 07:00:00+00:00,13716.0,B16
2026-08-10 07:15:00+00:00,15519.0,B16
2026-08-10 07:15:00+00:00,1091.0,B19
2026-08-10 07:30:00+00:00,1023.0,B19
2026-08-10 07:30:00+00:00,17258.0,B16
2026-08-10 07:45:00+00:00,978.0,B19
2026-08-10 07:45:00+00:00,18464.0,B16
2026-08-10 08:00:00+00:00,895.0,B19
2026-08-10 08:00:00+00:00,19532.0,B16
2026-08-10 08:15:00+00:00,885.0,B19
2026-08-10 08:15:00+00:00,20267.0,B16
2026-08-10 08:30:00+00:00,894.0,B19
2026-08-10 08:30:00+00:00,20927.0,B16
2026-08-10 08:45:00+00:00,920.0,B19
2026-08-10 08:45:00+00:00,21549.0,B16
2026-08-10 09:00:00+00:00,22260.0,B16
2026-08-10 09:00:00+00:00,931.0,B19
2026-08-10 09:15:00+00:00,982.0,B19
2026-08-10 09:15:00+00:00,22597.0,B16
2026-08-10 09:30:00+00:00,22842.0,B16
2026-08-10 09:30:00+00:00,1040.0,B19
2026-08-10 09:45:00+00:00,22925.0,B16
2026-08-10 09:45:00+00:00,1107.0,B19
2026-08-10 10:00:00+00:00,1166.0,B19
2026-08-10 10:00:00+00:00,22631.0,B16
2026-08-10 10:15:00+00:00,22721.0,B16
2026-08-10 10:15:00+00:00,1253.0,B19
2026-08-10 10:30:00+00:00,22767.0,B16
2026-08-10 10:30:00+00:00,1345.0,B19
2026-08-10 10:45:00+00:00,1446.0,B19
2026-08-10 10:45:00+00:00,22804.0,B16
2026-08-10 11:00:00+00:00,23012.0,B16
2026-08-10 11:00:00+00:00,1444.0,B19
2026-08-10 11:15:00+00:00,1564.0,B19
2026-08-10 11:15:00+00:00,23016.0,B16
2026-08-10 11:30:00+00:00,23023.0,B16
2026-08-10 11:30:00+00:00,1688.0,B19
2026-08-10 11:45:00+00:00,1817.0,B19
2026-08-10 11:45:00+00:00,22963.0,B16
2026-08-10 12:00:00+00:00,22865.0,B16
2026-08-10 12:00:00+00:00,1885.0,B19
2026-08-10 12:15:00+00:00,22771.0,B16
2026-08-10 12:15:00+00:00,1957.0,B19
2026-08-10 12:30:00+00:00,22680.0,B16
2026-08-10 12:30:00+00:00,2104.0,B19
2026-08-10 12:45:00+00:00,22547.0,B16
2026-08-10 12:45:00+00:00,2260.0,B19
2026-08-10 13:00:00+00:00,21710.0,B16
2026-08-10 13:00:00+00:00,2293.0,B19
2026-08-10 13:15:00+00:00,2461.0,B19
2026-08-10 13:15:00+00:00,21527.0,B16
2026-08-10 13:30:00+00:00,21335.0,B16
2026-08-10 13:30:00+00:00,2639.0,B19
2026-08-10 13:45:00+00:00,2822.0,B19
2026-08-10 13:45:00+00:00,21132.0,B16
2026-08-10 14:00:00+00:00,3389.0,B19
2026-08-10 14:00:00+00:00,21538.0,B16
2026-08-10 14:15:00+00:00,3616.0,B19
2026-08-10 14:15:00+00:00,21296.0,B16
2026-08-10 14:30:00+00:00,21051.0,B16
2026-08-10 14:30:00+00:00,3855.0,B19
2026-08-10 14:45:00+00:00,20797.0,B16
2026-08-10 14:45:00+00:00,4096.0,B19
2026-08-10 15:00:00+00:00,20897.0,B16
2026-08-10 15:00:00+00:00,4474.0,B19
2026-08-10 15:15:00+00:00,4700.0,B19
2026-08-10 15:15:00+00:00,20514.0,B16
2026-08-10 15:30:00+00:00,20097.0,B16
2026-08-10 15:30:00+00:00,4905.0,B19
2026-08-10 15:45:00+00:00,19557.0,B16
2026-08-10 15:45:00+00:00,5078.0,B19
2026-08-10 16:00:00+00:00,5474.0,B19
2026-08-10 16:00:00+00:00,19236.0,B16
2026-08-10 16:15:00+00:00,18489.0,B16
2026-08-10 16:15:00+00:00,5582.0,B19
2026-08-10 16:30:00+00:00,17612.0,B16
2026-08-10 16:30:00+00:00,5688.0,B19
2026-08-10 16:45:00+00:00,16549.0,B16
2026-08-10 16:45:00+00:00,5761.0,B19
2026-08-10 17:00:00+00:00,16536.0,B16
2026-08-10 17:00:00+00:00,6179.0,B19
2026-08-10 17:15:00+00:00,6213.0,B19
2026-08-10 17:15:00+00:00,14776.0,B16
2026-08-10 17:30:00+00:00,6226.0,B19
2026-08-10 17:30:00+00:00,12619.0,B16
2026-08-10 17:45:00+00:00,6289.0,B19
2026-08-10 17:45:00+00:00,10483.0,B16
2026-08-10 18:00:00+00:00,8400.0,B16
2026-08-10 18:00:00+00:00,6294.0,B19
2026-08-10 18:15:00+00:00,6100.0,B16
2026-08-10 18:15:00+00:00,6297.0,B19
2026-08-10 18:30:00+00:00,4202.0,B16
2026-08-10 18:30:00+00:00,6294.0,B19
2026-08-10 18:45:00+00:00,2720.0,B16
2026-08-10 18:45:00+00:00,6277.0,B19
2026-08-10 19:00:00+00:00,6286.0,B19
2026-08-10 19:00:00+00:00,1361.0,B16
2026-08-10 19:15:00+00:00,6241.0,B19
2026-08-10 19:15:00+00:00,845.0,B16
2026-08-10 19:30:00+00:00,6178.0,B19
2026-08-10 19:30:00+00:00,625.0,B16
2026-08-10 19:45:00+00:00,575.0,B16
2026-08-10 19:45:00+00:00,6099.0,B19
2026-08-10 20:00:00+00:00,535.0,B16
2026-08-10 20:00:00+00:00,6022.0,B19
2026-08-10 20:15:00+00:00,511.0,B16
2026-08-10 20:15:00+00:00,5921.0,B19
2026-08-10 20:30:00+00:00,5811.0,B19
2026-08-10 20:30:00+00:00,489.0,B16
2026-08-10 20:45:00+00:00,5693.0,B19
2026-08-10 20:45:00+00:00,471.0,B16
2026-08-10 21:00:00+00:00,5604.0,B19
2026-08-10 21:00:00+00:00,440.0,B16
2026-08-10 21:15:00+00:00,5469.0,B19
2026-08-10 21:15:00+00:00,439.0,B16
2026-08-10 21:30:00+00:00,5321.0,B19
2026-08-10 21:30:00+00:00,450.0,B16
2026-08-10 21:45:00+00:00,467.0,B16
2026-08-10 21:45:00+00:00,5162.0,B19
2026-08-10 22:00:00+00:00,518.0,B16
2026-08-10 22:00:00+00:00,4764.0,B19
2026-08-10 22:15:00+00:00,4588.0,B19
2026-08-10 22:15:00+00:00,512.0,B16
2026-08-10 22:30:00+00:00,497.0,B16
2026-08-10 22:30:00+00:00,4403.0,B19
2026-08-10 22:45:00+00:00,4213.0,B19
2026-08-10 22:45:00+00:00,478.0,B16
2026-08-10 23:00:00+00:00,4031.0,B19
2026-08-10 23:00:00+00:00,447.0,B16
2026-08-10 23:15:00+00:00,3839.0,B19
2026-08-10 23:15:00+00:00,437.0,B16
2026-08-10 23:30:00+00:00,437.0,B16
2026-08-10 23:30:00+00:00,3651.0,B19
2026-08-10 23:45:00+00:00,3469.0,B19
2026-08-10 23:45:00+00:00,445.0,B16
2026-08-11 00:00:00+00:00,461.0,B16
2026-08-11 00:00:00+00:00,3294.0,B19
2026-08-11 00:15:00+00:00,469.0,B16
2026-08-11 00:15:00+00:00,3127.0,B19
2026-08-11 00:30:00+00:00,2968.0,B19
2026-08-11 00:30:00+00:00,470.0,B16
2026-08-11 00:45:00+00:00,2818.0,B19
2026-08-11 00:45:00+00:00,467.0,B16
2026-08-11 01:00:00+00:00,462.0,B16
2026-08-11 01:00:00+00:00,2671.0,B19
2026-08-11 01:15:00+00:00,2547.0,B19
2026-08-11 01:15:00+00:00,453.0,B16
2026-08-11 01:30:00+00:00,445.0,B16
2026-08-11 01:30:00+00:00,2437.0,B19
2026-08-11 01:45:00+00:00,436.0,B16
2026-08-11 01:45:00+00:00,2339.0,B19
2026-08-11 02:00:00+00:00,429.0,B16
2026-08-11 02:00:00+00:00,2247.0,B19
2026-08-11 02:15:00+00:00,419.0,B16
2026-08-11 02:15:00+00:00,2162.0,B19
2026-08-11 02:30:00+00:00,408.0,B16
2026-08-11 02:30:00+00:00,2080.0,B19
2026-08-11 02:45:00+00:00,394.0,B16
2026-08-11 02:45:00+00:00,2001.0,B19
2026-08-11 03:00:00+00:00,1924.0,B19
2026-08-11 03:00:00+00:00,389.0,B16
2026-08-11 03:15:00+00:00,1853.0,B19
2026-08-11 03:15:00+00:00,367.0,B16
2026-08-11 03:30:00+00:00,339.0,B16
2026-08-11 03:30:00+00:00,1788.0,B19
2026-08-11 03:45:00+00:00,1725.0,B19
2026-08-11 03:45:00+00:00,309.0,B16
2026-08-11 04:00:00+00:00,278.0,B16
2026-08-11 04:00:00+00:00,1677.0,B19
2026-08-11 04:15:00+00:00,248.0,B16
2026-08-11 04:15:00+00:00,1605.0,B19
2026-08-11 04:30:00+00:00,223.0,B16
2026-08-11 04:30:00+00:00,1522.0,B19
2026-08-11 04:45:00+00:00,200.0,B16
2026-08-11 04:45:00+00:00,1433.0,B19
2026-08-11 05:00:00+00:00,336.0,B16
2026-08-11 05:00:00+00:00,1352.0,B19
2026-08-11 05:15:00+00:00,1254.0,B19
2026-08-11 05:15:00+00:00,626.0,B16
2026-08-11 05:30:00+00:00,1136.0,B16
2026-08-11 05:30:00+00:00,1156.0,B19
2026-08-11 05:45:00+00:00,1061.0,B19
2026-08-11 05:45:00+00:00,1861.0,B16
2026-08-11 06:00:00+00:00,969.0,B19
2026-08-11 06:00:00+00:00,4288.0,B16
2026-08-11 06:15:00+00:00,885.0,B19
2026-08-11 06:15:00+00:00,6006.0,B16
2026-08-11 06:30:00+00:00,7933.0,B16
2026-08-11 06:30:00+00:00,810.0,B19
2026-08-11 06:45:00+00:00,9968.0,B16
2026-08-11 06:45:00+00:00,746.0,B19
2026-08-11 07:00:00+00:00,13383.0,B16
2026-08-11 07:00:00+00:00,672.0,B19
2026-08-11 07:15:00+00:00,638.0,B19
2026-08-11 07:15:00+00:00,15530.0,B16
2026-08-11 07:30:00+00:00,617.0,B19
2026-08-11 07:30:00+00:00,17445.0,B16
2026-08-11 07:45:00+00:00,19106.0,B16
2026-08-11 07:45:00+00:00,613.0,B19
2026-08-11 08:00:00+00:00,600.0,B19
2026-08-11 08:00:00+00:00,21308.0,B16
2026-08-11 08:15:00+00:00,22519.0,B16
2026-08-11 08:15:00+00:00,619.0,B19
2026-08-11 08:30:00+00:00,23471.0,B16
2026-08-11 08:30:00+00:00,650.0,B19
2026-08-11 08:45:00+00:00,24208.0,B16
2026-08-11 08:45:00+00:00,688.0,B19
2026-08-11 09:00:00+00:00,24982.0,B16
2026-08-11 09:00:00+00:00,729.0,B19
2026-08-11 09:15:00+00:00,779.0,B19
2026-08-11 09:15:00+00:00,25448.0,B16
2026-08-11 09:30:00+00:00,831.0,B19
2026-08-11 09:30:00+00:00,25843.0,B16
2026-08-11 09:45:00+00:00,26174.0,B16
2026-08-11 09:45:00+00:00,887.0,B19
2026-08-11 10:00:00+00:00,945.0,B19
2026-08-11 10:00:00+00:00,26582.0,B16
2026-08-11 10:15:00+00:00,26783.0,B16
2026-08-11 10:15:00+00:00,1012.0,B19
2026-08-11 10:30:00+00:00,26920.0,B16
2026-08-11 10:30:00+00:00,1086.0,B19
2026-08-11 10:45:00+00:00,27008.0,B16
2026-08-11 10:45:00+00:00,1163.0,B19
2026-08-11 11:00:00+00:00,1259.0,B19
2026-08-11 11:00:00+00:00,27065.0,B16
2026-08-11 11:15:00+00:00,1337.0,B19
2026-08-11 11:15:00+00:00,27120.0,B16
2026-08-11 11:30:00+00:00,1410.0,B19
2026-08-11 11:30:00+00:00,27179.0,B16
2026-08-11 11:45:00+00:00,27231.0,B16
2026-08-11 11:45:00+00:00,1480.0,B19
2026-08-11 12:00:00+00:00,27351.0,B16
2026-08-11 12:00:00+00:00,1552.0,B19
2026-08-11 12:15:00+00:00,1625.0,B19
2026-08-11 12:15:00+00:00,27314.0,B16
2026-08-11 12:30:00+00:00,27203.0,B16
2026-08-11 12:30:00+00:00,1701.0,B19
2026-08-11 12:45:00+00:00,27022.0,B16
2026-08-11 12:45:00+00:00,1784.0,B19
2026-08-11 13:00:00+00:00,26963.0,B16
2026-08-11 13:00:00+00:00,1871.0,B19
2026-08-11 13:15:00+00:00,1962.0,B19
2026-08-11 13:15:00+00:00,26670.0,B16
2026-08-11 13:30:00+00:00,26338.0,B16
2026-08-11 13:30:00+00:00,2056.0,B19
2026-08-11 13:45:00+00:00,2155.0,B19
2026-08-11 13:45:00+00:00,25982.0,B16
2026-08-11 14:00:00+00:00,2256.0,B19
2026-08-11 14:00:00+00:00,25617.0,B16
2026-08-11 14:15:00+00:00,2366.0,B19
2026-08-11 14:15:00+00:00,25260.0,B16
2026-08-11 14:30:00+00:00,24921.0,B16
2026-08-11 14:30:00+00:00,2481.0,B19
2026-08-11 14:45:00+00:00,24590.0,B16
2026-08-11 14:45:00+00:00,2598.0,B19
2026-08-11 15:00:00+00:00,24349.0,B16
2026-08-11 15:00:00+00:00,2734.0,B19
2026-08-11 15:15:00+00:00,2839.0,B19
2026-08-11 15:15:00+00:00,23980.0,B16
2026-08-11 15:30:00+00:00,23568.0,B16
2026-08-11 15:30:00+00:00,2933.0,B19
2026-08-11 15:45:00+00:00,3028.0,B19
2026-08-11 15:45:00+00:00,23053.0,B16
2026-08-11 16:00:00+00:00,22968.0,B16
2026-08-11 16:00:00+00:00,3084.0,B19
2026-08-11 16:15:00+00:00,3217.0,B19
2026-08-11 16:15:00+00:00,22021.0,B16
2026-08-11 16:30:00+00:00,20779.0,B16
2026-08-11 16:30:00+00:00,3384.0,B19
2026-08-11 16:45:00+00:00,3574.0,B19
2026-08-11 16:45:00+00:00,19244.0,B16
2026-08-11 17:00:00+00:00,3817.0,B19
2026-08-11 17:00:00+00:00,18353.0,B16
2026-08-11 17:15:00+00:00,3999.0,B19
2026-08-11 17:15:00+00:00,16166.0,B16
2026-08-11 17:30:00+00:00,13741.0,B16
2026-08-11 17:30:00+00:00,4152.0,B19
2026-08-11 17:45:00+00:00,4280.0,B19
2026-08-11 17:45:00+00:00,11214.0,B16
2026-08-11 18:00:00+00:00,4424.0,B19
2026-08-11 18:00:00+00:00,9131.0,B16
2026-08-11 18:15:00+00:00,4525.0,B19
2026-08-11 18:15:00+00:00,6758.0,B16
2026-08-11 18:30:00+00:00,4740.0,B16
2026-08-11 18:30:00+00:00,4621.0,B19
2026-08-11 18:45:00+00:00,4709.0,B19
2026-08-11 18:45:00+00:00,3112.0,B16
2026-08-11 19:00:00+00:00,4829.0,B19
2026-08-11 19:00:00+00:00,1564.0,B16
2026-08-11 19:15:00+00:00,4881.0,B19
2026-08-11 19:15:00+00:00,965.0,B16
2026-08-11 19:30:00+00:00,4906.0,B19
2026-08-11 19:30:00+00:00,698.0,B16
2026-08-11 19:45:00+00:00,4910.0,B19
2026-08-11 19:45:00+00:00,654.0,B16
2026-08-11 20:00:00+00:00,4917.0,B19
2026-08-11 20:00:00+00:00,614.0,B16
2026-08-11 20:15:00+00:00,4900.0,B19
2026-08-11 20:15:00+00:00,595.0,B16
2026-08-11 20:30:00+00:00,581.0,B16
2026-08-11 20:30:00+00:00,4882.0,B19
2026-08-11 20:45:00+00:00,4861.0,B19
2026-08-11 20:45:00+00:00,570.0,B16
2026-08-11 21:00:00+00:00,4852.0,B19
2026-08-11 21:00:00+00:00,559.0,B16
2026-08-11 21:15:00+00:00,4822.0,B19
2026-08-11 21:15:00+00:00,551.0,B16
2026-08-11 21:30:00+00:00,4784.0,B19
2026-08-11 21:30:00+00:00,542.0,B16
2026-08-11 21:45:00+00:00,534.0,B16
2026-08-11 21:45:00+00:00,4735.0,B19
