datetime_utc,prev_demanda
2026-08-03 00:00:00+00:00,25736.0
2026-08-03 00:15:00+00:00,25478.0
2026-08-03 00:30:00+00:00,25248.0
2026-08-03 00:45:00+00:00,25048.0
2026-08-03 01:00:00+00:00,24817.0
2026-08-03 01:15:00+00:00,24678.0
2026-08-03 01:30:00+00:00,24571.0
2026-08-03 01:45:00+00:00,24495.0
2026-08-03 02:00:00+00:00,24379.0
2026-08-03 02:15:00+00:00,24365.0
2026-08-03 02:30:00+00:00,24386.0
2026-08-03 02:45:00+00:00,24465.0
2026-08-03 03:00:00+00:00,24402.0
2026-08-03 03:15:00+00:00,24682.0
2026-08-03 03:30:00+00:00,25094.0
2026-08-03 03:45:00+00:00,25613.0
2026-08-03 04:00:00+00:00,26185.0
2026-08-03 04:15:00+00:00,26808.0
2026-08-03 04:30:00+00:00,27430.0
2026-08-03 04:45:00+00:00,28031.0
2026-08-03 05:00:00+00:00,28739.0
2026-08-03 05:15:00+00:00,29239.0
2026-08-03 05:30:00+00:00,29666.0
2026-08-03 05:45:00+00:00,30033.0
2026-08-03 06:00:00+00:00,30398.0
2026-08-03 06:15:00+00:00,30711.0
2026-08-03 06:30:00+00:00,31024.0
2026-08-03 06:45:00+00:00,31326.0
2026-08-03 07:00:00+00:00,31693.0
2026-08-03 07:15:00+00:00,31931.0
2026-08-03 07:30:00+00:00,32117.0
2026-08-03 07:45:00+00:00,32257.0
2026-08-03 08:00:00+00:00,32408.0
2026-08-03 08:15:00+00:00,32484.0
2026-08-03 08:30:00+00:00,32542.0
2026-08-03 08:45:00+00:00,32593.0
2026-08-03 09:00:00+00:00,32613.0
2026-08-03 09:15:00+00:00,32678.0
2026-08-03 09:30:00+00:00,32764.0
2026-08-03 09:45:00+00:00,32874.0
2026-08-03 10:00:00+00:00,32960.0
2026-08-03 10:15:00+00:00,33127.0
2026-08-03 10:30:00+00:00,33323.0
2026-08-03 10:45:00+00:00,33530.0
2026-08-03 11:00:00+00:00,33802.0
2026-08-03 11:15:00+00:00,33972.0
2026-08-03 11:30:00+00:00,34095.0
2026-08-03 11:45:00+00:00,34164.0
2026-08-03 12:00:00+00:00,34295.0
2026-08-03 12:15:00+00:00,34237.0
2026-08-03 12:30:00+00:00,34114.0
2026-08-03 12:45:00+00:00,33956.0
2026-08-03 13:00:00+00:00,33711.0
2026-08-03 13:15:00+00:00,33590.0
2026-08-03 13:30:00+00:00,33533.0
2026-08-03 13:45:00+00:00,33535.0
2026-08-03 14:00:00+00:00,33527.0
2026-08-03 14:15:00+00:00,33607.0
2026-08-03 14:30:00+00:00,33707.0
2026-08-03 14:45:00+00:00,33820.0
2026-08-03 15:00:00+00:00,33940.0
2026-08-03 15:15:00+00:00,34062.0
2026-08-03 15:30:00+00:00,34183.0
2026-08-03 15:45:00+00:00,34308.0
2026-08-03 16:00:00+00:00,34411.0
2026-08-03 16:15:00+00:00,34563.0
2026-08-03 16:30:00+00:00,34736.0
2026-08-03 16:45:00+00:00,34916.0
2026-08-03 17:00:00+00:00,35145.0
2026-08-03 17:15:00+00:00,35288.0
2026-08-03 17:30:00+00:00,35394.0
2026-08-03 17:45:00+00:00,35472.0
2026-08-03 18:00:00+00:00,35538.0
2026-08-03 18:15:00+00:00,35608.0
2026-08-03 18:30:00+00:00,35689.0
2026-08-03 18:45:00+00:00,35746.0
2026-08-03 19:00:00+00:00,35977.0
2026-08-03 19:15:00+00:00,35852.0
2026-08-03 19:30:00+00:00,35583.0
2026-08-03 19:45:00+00:00,35181.0
2026-08-03 20:00:00+00:00,34819.0
2026-08-03 20:15:00+00:00,34231.0
2026-08-03 20:30:00+00:00,33592.0
2026-08-03 20:45:00+00:00,32938.0
2026-08-03 21:00:00+00:00,32197.0
2026-08-03 21:15:00+00:00,31628.0
2026-08-03 21:30:00+00:00,31146.0
2026-08-03 21:45:00+00:00,30726.0
2026-08-03 22:00:00+00:00,30027.0
2026-08-03 22:15:00+00:00,29609.0
2026-08-03 22:30:00+00:00,29174.0
2026-08-03 22:45:00+00:00,28732.0
2026-08-03 23:00:00+00:00,28253.0
2026-08-03 23:15:00+00:00,27846.0
2026-08-03 23:30:00+00:00,27478.0
2026-08-03 23:45:00+00:00,27149.0
2026-08-04 00:00:00+00:00,26795.0
2026-08-04 00:15:00+00:00,26540.0
2026-08-04 00:30:00+00:00,26317.0
2026-08-04 00:45:00+00:00,26123.0
2026-08-04 01:00:00+00:00,25919.0
2026-08-04 01:15:00+00:00,25769.0
2026-08-04 01:30:00+00:00,25634.0
2026-08-04 01:45:00+00:00,25516.0
2026-08-04 02:00:00+00:00,25364.0
2026-08-04 02:15:00+00:00,25285.0
2026-08-04 02:30:00+00:00,25233.0
2026-08-04 02:45:00+00:00,25234.0
2026-08-04 03:00:00+00:00,25092.0
2026-08-04 03:15:00+00:00,25285.0
2026-08-04 03:30:00+00:00,25609.0
2026-08-04 03:45:00+00:00,26037.0
2026-08-04 04:00:00+00:00,26514.0
2026-08-04 04:15:00+00:00,27039.0
2026-08-04 04:30:00+00:00,27560.0
2026-08-04 04:45:00+00:00,28061.0
2026-08-04 05:00:00+00:00,28642.0
2026-08-04 05:15:00+00:00,29063.0
2026-08-04 05:30:00+00:00,29428.0
2026-08-04 05:45:00+00:00,29744.0
2026-08-04 06:00:00+00:00,30072.0
2026-08-04 06:15:00+00:00,30329.0
2026-08-04 06:30:00+00:00,30572.0
2026-08-04 06:45:00+00:00,30800.0
2026-08-04 07:00:00+00:00,31061.0
2026-08-04 07:15:00+00:00,31244.0
2026-08-04 07:30:00+00:00,31398.0
2026-08-04 07:45:00+00:00,31525.0
2026-08-04 08:00:00+00:00,31669.0
2026-08-04 08:15:00+00:00,31745.0
2026-08-04 08:30:00+00:00,31800.0
2026-08-04 08:45:00+00:00,31844.0
2026-08-04 09:00:00+00:00,31855.0
2026-08-04 09:15:00+00:00,31915.0
2026-08-04 09:30:00+00:00,32000.0
2026-08-04 09:45:00+00:00,32109.0
2026-08-04 10:00:00+00:00,32207.0
2026-08-04 10:15:00+00:00,32357.0
2026-08-04 10:30:00+00:00,32522.0
2026-08-04 10:45:00+00:00,32693.0
2026-08-04 11:00:00+00:00,32902.0
2026-08-04 11:15:00+00:00,33053.0
2026-08-04 11:30:00+00:00,33178.0
2026-08-04 11:45:00+00:00,33263.0
2026-08-04 12:00:00+00:00,33424.0
2026-08-04 12:15:00+00:00,33390.0
2026-08-04 12:30:00+00:00,33284.0
2026-08-04 12:45:00+00:00,33135.0
2026-08-04 13:00:00+00:00,32905.0
2026-08-04 13:15:00+00:00,32775.0
2026-08-04 13:30:00+00:00,32703.0
2026-08-04 13:45:00+00:00,32687.0
2026-08-04 14:00:00+00:00,32642.0
2026-08-04 14:15:00+00:00,32719.0
2026-08-04 14:30:00+00:00,32831.0
2026-08-04 14:45:00+00:00,32966.0
2026-08-04 15:00:00+00:00,33120.0
2026-08-04 15:15:00+00:00,33265.0
2026-08-04 15:30:00+00:00,33400.0
2026-08-04 15:45:00+00:00,33534.0
2026-08-04 16:00:00+00:00,33636.0
2026-08-04 16:15:00+00:00,33803.0
2026-08-04 16:30:00+00:00,34000.0
2026-08-04 16:45:00+00:00,34209.0
2026-08-04 17:00:00+00:00,34479.0
2026-08-04 17:15:00+00:00,34649.0
2026-08-04 17:30:00+00:00,34771.0
2026-08-04 17:45:00+00:00,34860.0
2026-08-04 18:00:00+00:00,34927.0
2026-08-04 18:15:00+00:00,35009.0
2026-08-04 18:30:00+00:00,35108.0
2026-08-04 18:45:00+00:00,35192.0
2026-08-04 19:00:00+00:00,35433.0
2026-08-04 19:15:00+00:00,35365.0
2026-08-04 19:30:00+00:00,35169.0
2026-08-04 19:45:00+00:00,34848.0
2026-08-04 20:00:00+00:00,34603.0
2026-08-04 20:15:00+00:00,34065.0
2026-08-04 20:30:00+00:00,33445.0
2026-08-04 20:45:00+00:00,32784.0
2026-08-04 21:00:00+00:00,32026.0
2026-08-04 21:15:00+00:00,31430.0
2026-08-04 21:30:00+00:00,30924.0
2026-08-04 21:45:00+00:00,30488.0
2026-08-04 22:00:00+00:00,30220.0
2026-08-04 22:15:00+00:00,29792.0
2026-08-04 22:30:00+00:00,29350.0
2026-08-04 22:45:00+00:00,28902.0
2026-08-04 23:00:00+00:00,28421.0
2026-08-04 23:15:00+00:00,28007.0
2026-08-04 23:30:00+00:00,27628.0
2026-08-04 23:45:00+00:00,27287.0
2026-08-05 00:00:00+00:00,26922.0
2026-08-05 00:15:00+00:00,26651.0
2026-08-05 00:30:00+00:00,26412.0
2026-08-05 00:45:00+00:00,26202.0
2026-08-05 01:00:00+00:00,25980.0
2026-08-05 01:15:00+00:00,25816.0
2026-08-05 01:30:00+00:00,25670.0
2026-08-05 01:45:00+00:00,25541.0
2026-08-05 02:00:00+00:00,25382.0
2026-08-05 02:15:00+00:00,25288.0
2026-08-05 02:30:00+00:00,25218.0
2026-08-05 02:45:00+00:00,25198.0
2026-08-05 03:00:00+00:00,25026.0
2026-08-05 03:15:00+00:00,25208.0
2026-08-05 03:30:00+00:00,25528.0
2026-08-05 03:45:00+00:00,25958.0
2026-08-05 04:00:00+00:00,26437.0
2026-08-05 04:15:00+00:00,26974.0
2026-08-05 04:30:00+00:00,27510.0
2026-08-05 04:45:00+00:00,28026.0
2026-08-05 05:00:00+00:00,28629.0
2026-08-05 05:15:00+00:00,29061.0
2026-08-05 05:30:00+00:00,29432.0
2026-08-05 05:45:00+00:00,29753.0
2026-08-05 06:00:00+00:00,30077.0
2026-08-05 06:15:00+00:00,30346.0
2026-08-05 06:30:00+00:00,30607.0
2026-08-05 06:45:00+00:00,30857.0
2026-08-05 07:00:00+00:00,31152.0
2026-08-05 07:15:00+00:00,31352.0
2026-08-05 07:30:00+00:00,31514.0
2026-08-05 07:45:00+00:00,31643.0
2026-08-05 08:00:00+00:00,31781.0
2026-08-05 08:15:00+00:00,31860.0
2026-08-05 08:30:00+00:00,31925.0
2026-08-05 08:45:00+00:00,31987.0
2026-08-05 09:00:00+00:00,32009.0
2026-08-05 09:15:00+00:00,32105.0
2026-08-05 09:30:00+00:00,32232.0
2026-08-05 09:45:00+00:00,32387.0
2026-08-05 10:00:00+00:00,32548.0
2026-08-05 10:15:00+00:00,32730.0
2026-08-05 10:30:00+00:00,32915.0
2026-08-05 10:45:00+00:00,33097.0
2026-08-05 11:00:00+00:00,33300.0
2026-08-05 11:15:00+00:00,33473.0
2026-08-05 11:30:00+00:00,33633.0
2026-08-05 11:45:00+00:00,33760.0
2026-08-05 12:00:00+00:00,33989.0
2026-08-05 12:15:00+00:00,33983.0
2026-08-05 12:30:00+00:00,33885.0
2026-08-05 12:45:00+00:00,33730.0
2026-08-05 13:00:00+00:00,33480.0
2026-08-05 13:15:00+00:00,33343.0
2026-08-05 13:30:00+00:00,33272.0
2026-08-05 13:45:00+00:00,33263.0
2026-08-05 14:00:00+00:00,33243.0
2026-08-05 14:15:00+00:00,33315.0
2026-08-05 14:30:00+00:00,33408.0
2026-08-05 14:45:00+00:00,33517.0
2026-08-05 15:00:00+00:00,33623.0
2026-08-05 15:15:00+00:00,33752.0
2026-08-05 15:30:00+00:00,33888.0
2026-08-05 15:45:00+00:00,34034.0
2026-08-05 16:00:00+00:00,34161.0
2026-08-05 16:15:00+00:00,34341.0
2026-08-05 16:30:00+00:00,34540.0
2026-08-05 16:45:00+00:00,34745.0
2026-08-05 17:00:00+00:00,35008.0
2026-08-05 17:15:00+00:00,35167.0
2026-08-05 17:30:00+00:00,35281.0
2026-08-05 17:45:00+00:00,35360.0
2026-08-05 18:00:00+00:00,35430.0
2026-08-05 18:15:00+00:00,35488.0
2026-08-05 18:30:00+00:00,35550.0
2026-08-05 18:45:00+00:00,35589.0
2026-08-05 19:00:00+00:00,35774.0
2026-08-05 19:15:00+00:00,35659.0
2026-08-05 19:30:00+00:00,35422.0
2026-08-05 19:45:00+00:00,35073.0
2026-08-05 20:00:00+00:00,34767.0
2026-08-05 20:15:00+00:00,34252.0
2026-08-05 20:30:00+00:00,33687.0
2026-08-05 20:45:00+00:00,33095.0
2026-08-05 21:00:00+00:00,32458.0
2026-08-05 21:15:00+00:00,31898.0
2026-08-05 21:30:00+00:00,31385.0
2026-08-05 21:45:00+00:00,30909.0
2026-08-05 22:00:00+00:00,30643.0
2026-08-05 22:15:00+00:00,30181.0
2026-08-05 22:30:00+00:00,29722.0
2026-08-05 22:45:00+00:00,29268.0
2026-08-05 23:00:00+00:00,28797.0
2026-08-05 23:15:00+00:00,28372.0
2026-08-05 23:30:00+00:00,27972.0
2026-08-05 23:45:00+00:00,27602.0
2026-08-06 00:00:00+00:00,27190.0
2026-08-06 00:15:00+00:00,26900.0
2026-08-06 00:30:00+00:00,26657.0
2026-08-06 00:45:00+00:00,26454.0
2026-08-06 01:00:00+00:00,26247.0
2026-08-06 01:15:00+00:00,26096.0
2026-08-06 01:30:00+00:00,25959.0
2026-08-06 01:45:00+00:00,25833.0
2026-08-06 02:00:00+00:00,25683.0
2026-08-06 02:15:00+00:00,25583.0
2026-08-06 02:30:00+00:00,25501.0
2026-08-06 02:45:00+00:00,25469.0
2026-08-06 03:00:00+00:00,25277.0
2026-08-06 03:15:00+00:00,25452.0
2026-08-06 03:30:00+00:00,25771.0
2026-08-06 03:45:00+00:00,26203.0
2026-08-06 04:00:00+00:00,26698.0
2026-08-06 04:15:00+00:00,27226.0
2026-08-06 04:30:00+00:00,27743.0
2026-08-06 04:45:00+00:00,28231.0
2026-08-06 05:00:00+00:00,28798.0
2026-08-06 05:15:00+00:00,29194.0
2026-08-06 05:30:00+00:00,29531.0
2026-08-06 05:45:00+00:00,29823.0
2026-08-06 06:00:00+00:00,30104.0
2026-08-06 06:15:00+00:00,30359.0
2026-08-06 06:30:00+00:00,30620.0
2026-08-06 06:45:00+00:00,30879.0
2026-08-06 07:00:00+00:00,31183.0
2026-08-06 07:15:00+00:00,31404.0
2026-08-06 07:30:00+00:00,31592.0
2026-08-06 07:45:00+00:00,31748.0
2026-08-06 08:00:00+00:00,31917.0
2026-08-06 08:15:00+00:00,32025.0
2026-08-06 08:30:00+00:00,32117.0
2026-08-06 08:45:00+00:00,32201.0
2026-08-06 09:00:00+00:00,32265.0
2026-08-06 09:15:00+00:00,32353.0
2026-08-06 09:30:00+00:00,32454.0
2026-08-06 09:45:00+00:00,32571.0
2026-08-06 10:00:00+00:00,32666.0
2026-08-06 10:15:00+00:00,32825.0
2026-08-06 10:30:00+00:00,33006.0
2026-08-06 10:45:00+00:00,33202.0
2026-08-06 11:00:00+00:00,33432.0
2026-08-06 11:15:00+00:00,33622.0
2026-08-06 11:30:00+00:00,33791.0
2026-08-06 11:45:00+00:00,33922.0
2026-08-06 12:00:00+00:00,34142.0
2026-08-06 12:15:00+00:00,34143.0
2026-08-06 12:30:00+00:00,34062.0
2026-08-06 12:45:00+00:00,33927.0
2026-08-06 13:00:00+00:00,33708.0
2026-08-06 13:15:00+00:00,33584.0
2026-08-06 13:30:00+00:00,33517.0
2026-08-06 13:45:00+00:00,33511.0
2026-08-06 14:00:00+00:00,33463.0
2026-08-06 14:15:00+00:00,33571.0
2026-08-06 14:30:00+00:00,33728.0
2026-08-06 14:45:00+00:00,33909.0
2026-08-06 15:00:00+00:00,34157.0
2026-08-06 15:15:00+00:00,34303.0
2026-08-06 15:30:00+00:00,34399.0
2026-08-06 15:45:00+00:00,34463.0
2026-08-06 16:00:00+00:00,34464.0
2026-08-06 16:15:00+00:00,34558.0
2026-08-06 16:30:00+00:00,34703.0
2026-08-06 16:45:00+00:00,34877.0
2026-08-06 17:00:00+00:00,35120.0
2026-08-06 17:15:00+00:00,35265.0
2026-08-06 17:30:00+00:00,35360.0
2026-08-06 17:45:00+00:00,35418.0
2026-08-06 18:00:00+00:00,35450.0
2026-08-06 18:15:00+00:00,35497.0
2026-08-06 18:30:00+00:00,35563.0
2026-08-06 18:45:00+00:00,35621.0
2026-08-06 19:00:00+00:00,35812.0
2026-08-06 19:15:00+00:00,35746.0
2026-08-06 19:30:00+00:00,35572.0
2026-08-06 19:45:00+00:00,35289.0
2026-08-06 20:00:00+00:00,35081.0
2026-08-06 20:15:00+00:00,34605.0
2026-08-06 20:30:00+00:00,34051.0
2026-08-06 20:45:00+00:00,33453.0
2026-08-06 21:00:00+00:00,32787.0
2026-08-06 21:15:00+00:00,32220.0
2026-08-06 21:30:00+00:00,31716.0
2026-08-06 21:45:00+00:00,31259.0
2026-08-06 22:00:00+00:00,30433.0
2026-08-06 22:15:00+00:00,29999.0
2026-08-06 22:30:00+00:00,29538.0
2026-08-06 22:45:00+00:00,29063.0
2026-08-06 23:00:00+00:00,28542.0
2026-08-06 23:15:00+00:00,28106.0
2026-08-06 23:30:00+00:00,27718.0
2026-08-06 23:45:00+00:00,27374.0
2026-08-07 00:00:00+00:00,27015.0
2026-08-07 00:15:00+00:00,26742.0
2026-08-07 00:30:00+00:00,26496.0
2026-08-07 00:45:00+00:00,26276.0
2026-08-07 01:00:00+00:00,26034.0
2026-08-07 01:15:00+00:00,25865.0
2026-08-07 01:30:00+00:00,25723.0
2026-08-07 01:45:00+00:00,25604.0
2026-08-07 02:00:00+00:00,25459.0
2026-08-07 02:15:00+00:00,25380.0
2026-08-07 02:30:00+00:00,25324.0
2026-08-07 02:45:00+00:00,25315.0
2026-08-07 03:00:00+00:00,25163.0
2026-08-07 03:15:00+00:00,25345.0
2026-08-07 03:30:00+00:00,25658.0
2026-08-07 03:45:00+00:00,26074.0
2026-08-07 04:00:00+00:00,26544.0
2026-08-07 04:15:00+00:00,27049.0
2026-08-07 04:30:00+00:00,27545.0
2026-08-07 04:45:00+00:00,28015.0
2026-08-07 05:00:00+00:00,28559.0
2026-08-07 05:15:00+00:00,28946.0
2026-08-07 05:30:00+00:00,29279.0
2026-08-07 05:45:00+00:00,29571.0
2026-08-07 06:00:00+00:00,29849.0
2026-08-07 06:15:00+00:00,30114.0
2026-08-07 06:30:00+00:00,30387.0
2026-08-07 06:45:00+00:00,30662.0
2026-08-07 07:00:00+00:00,30985.0
2026-08-07 07:15:00+00:00,31222.0
2026-08-07 07:30:00+00:00,31423.0
2026-08-07 07:45:00+00:00,31588.0
2026-08-07 08:00:00+00:00,31778.0
2026-08-07 08:15:00+00:00,31878.0
2026-08-07 08:30:00+00:00,31950.0
2026-08-07 08:45:00+00:00,32005.0
2026-08-07 09:00:00+00:00,32031.0
2026-08-07 09:15:00+00:00,32088.0
2026-08-07 09:30:00+00:00,32164.0
2026-08-07 09:45:00+00:00,32263.0
2026-08-07 10:00:00+00:00,32329.0
2026-08-07 10:15:00+00:00,32492.0
2026-08-07 10:30:00+00:00,32691.0
2026-08-07 10:45:00+00:00,32909.0
2026-08-07 11:00:00+00:00,33188.0
2026-08-07 11:15:00+00:00,33381.0
2026-08-07 11:30:00+00:00,33531.0
2026-08-07 11:45:00+00:00,33628.0
2026-08-07 12:00:00+00:00,33801.0
2026-08-07 12:15:00+00:00,33761.0
2026-08-07 12:30:00+00:00,33645.0
2026-08-07 12:45:00+00:00,33484.0
2026-08-07 13:00:00+00:00,33241.0
2026-08-07 13:15:00+00:00,33098.0
2026-08-07 13:30:00+00:00,33013.0
2026-08-07 13:45:00+00:00,32985.0
2026-08-07 14:00:00+00:00,32931.0
2026-08-07 14:15:00+00:00,32993.0
2026-08-07 14:30:00+00:00,33089.0
2026-08-07 14:45:00+00:00,33207.0
2026-08-07 15:00:00+00:00,33347.0
2026-08-07 15:15:00+00:00,33468.0
2026-08-07 15:30:00+00:00,33576.0
2026-08-07 15:45:00+00:00,33672.0
2026-08-07 16:00:00+00:00,33760.0
2026-08-07 16:15:00+00:00,33858.0
2026-08-07 16:30:00+00:00,33962.0
2026-08-07 16:45:00+00:00,34064.0
2026-08-07 17:00:00+00:00,34211.0
2026-08-07 17:15:00+00:00,34267.0
2026-08-07 17:30:00+00:00,34284.0
2026-08-07 17:45:00+00:00,34274.0
2026-08-07 18:00:00+00:00,34241.0
2026-08-07 18:15:00+00:00,34230.0
2026-08-07 18:30:00+00:00,34235.0
2026-08-07 18:45:00+00:00,34238.0
2026-08-07 19:00:00+00:00,34337.0
2026-08-07 19:15:00+00:00,34258.0
2026-08-07 19:30:00+00:00,34103.0
2026-08-07 19:45:00+00:00,33867.0
2026-08-07 20:00:00+00:00,33708.0
2026-08-07 20:15:00+00:00,33305.0
2026-08-07 20:30:00+00:00,32826.0
2026-08-07 20:45:00+00:00,32301.0
2026-08-07 21:00:00+00:00,31710.0
2026-08-07 21:15:00+00:00,31211.0
2026-08-07 21:30:00+00:00,30772.0
2026-08-07 21:45:00+00:00,30376.0
2026-08-07 22:00:00+00:00,30558.0
2026-08-07 22:15:00+00:00,30152.0
2026-08-07 22:30:00+00:00,29732.0
2026-08-07 22:45:00+00:00,29304.0
2026-08-07 23:00:00+00:00,28864.0
2026-08-07 23:15:00+00:00,28445.0
2026-08-07 23:30:00+00:00,28043.0
2026-08-07 23:45:00+00:00,27661.0
2026-08-08 00:00:00+00:00,27263.0
2026-08-08 00:15:00+00:00,26921.0
2026-08-08 00:30:00+00:00,26601.0
2026-08-08 00:45:00+00:00,26307.0
2026-08-08 01:00:00+00:00,25976.0
2026-08-08 01:15:00+00:00,25754.0
2026-08-08 01:30:00+00:00,25573.0
2026-08-08 01:45:00+00:00,25424.0
2026-08-08 02:00:00+00:00,25284.0
2026-08-08 02:15:00+00:00,25156.0
2026-08-08 02:30:00+00:00,25025.0
2026-08-08 02:45:00+00:00,24905.0
2026-08-08 03:00:00+00:00,24708.0
2026-08-08 03:15:00+00:00,24680.0
2026-08-08 03:30:00+00:00,24721.0
2026-08-08 03:45:00+00:00,24808.0
2026-08-08 04:00:00+00:00,24955.0
2026-08-08 04:15:00+00:00,25038.0
2026-08-08 04:30:00+00:00,25079.0
2026-08-08 04:45:00+00:00,25093.0
2026-08-08 05:00:00+00:00,25055.0
2026-08-08 05:15:00+00:00,25078.0
2026-08-08 05:30:00+00:00,25138.0
2026-08-08 05:45:00+00:00,25241.0
2026-08-08 06:00:00+00:00,25290.0
2026-08-08 06:15:00+00:00,25500.0
2026-08-08 06:30:00+00:00,25768.0
2026-08-08 06:45:00+00:00,26073.0
2026-08-08 07:00:00+00:00,26439.0
2026-08-08 07:15:00+00:00,26739.0
2026-08-08 07:30:00+00:00,27003.0
2026-08-08 07:45:00+00:00,27229.0
2026-08-08 08:00:00+00:00,27482.0
2026-08-08 08:15:00+00:00,27643.0
2026-08-08 08:30:00+00:00,27778.0
2026-08-08 08:45:00+00:00,27891.0
2026-08-08 09:00:00+00:00,27999.0
2026-08-08 09:15:00+00:00,28090.0
2026-08-08 09:30:00+00:00,28181.0
2026-08-08 09:45:00+00:00,28282.0
2026-08-08 10:00:00+00:00,28335.0
2026-08-08 10:15:00+00:00,28497.0
2026-08-08 10:30:00+00:00,28703.0
2026-08-08 10:45:00+00:00,28941.0
2026-08-08 11:00:00+00:00,29222.0
2026-08-08 11:15:00+00:00,29468.0
2026-08-08 11:30:00+00:00,29691.0
2026-08-08 11:45:00+00:00,29872.0
2026-08-08 12:00:00+00:00,30152.0
2026-08-08 12:15:00+00:00,30190.0
2026-08-08 12:30:00+00:00,30137.0
2026-08-08 12:45:00+00:00,30025.0
2026-08-08 13:00:00+00:00,29829.0
2026-08-08 13:15:00+00:00,29720.0
2026-08-08 13:30:00+00:00,29668.0
2026-08-08 13:45:00+00:00,29670.0
2026-08-08 14:00:00+00:00,29652.0
2026-08-08 14:15:00+00:00,29734.0
2026-08-08 14:30:00+00:00,29843.0
2026-08-08 14:45:00+00:00,29974.0
2026-08-08 15:00:00+00:00,30095.0
2026-08-08 15:15:00+00:00,30262.0
2026-08-08 15:30:00+00:00,30444.0
2026-08-08 15:45:00+00:00,30639.0
2026-08-08 16:00:00+00:00,30835.0
2026-08-08 16:15:00+00:00,31049.0
2026-08-08 16:30:00+00:00,31269.0
2026-08-08 16:45:00+00:00,31479.0
2026-08-08 17:00:00+00:00,31747.0
2026-08-08 17:15:00+00:00,31894.0
2026-08-08 17:30:00+00:00,31990.0
2026-08-08 17:45:00+00:00,32059.0
2026-08-08 18:00:00+00:00,32074.0
2026-08-08 18:15:00+00:00,32169.0
2026-08-08 18:30:00+00:00,32307.0
2026-08-08 18:45:00+00:00,32455.0
2026-08-08 19:00:00+00:00,32752.0
2026-08-08 19:15:00+00:00,32779.0
2026-08-08 19:30:00+00:00,32686.0
2026-08-08 19:45:00+00:00,32484.0
2026-08-08 20:00:00+00:00,32323.0
2026-08-08 20:15:00+00:00,31958.0
2026-08-08 20:30:00+00:00,31540.0
2026-08-08 20:45:00+00:00,31084.0
2026-08-08 21:00:00+00:00,30633.0
2026-08-08 21:15:00+00:00,30136.0
2026-08-08 21:30:00+00:00,29636.0
2026-08-08 21:45:00+00:00,29141.0
2026-08-08 22:00:00+00:00,29002.0
2026-08-08 22:15:00+00:00,28546.0
2026-08-08 22:30:00+00:00,28088.0
2026-08-08 22:45:00+00:00,27635.0
2026-08-08 23:00:00+00:00,27160.0
2026-08-08 23:15:00+00:00,26743.0
2026-08-08 23:30:00+00:00,26354.0
2026-08-08 23:45:00+00:00,25994.0
2026-08-09 00:00:00+00:00,25621.0
2026-08-09 00:15:00+00:00,25312.0
2026-08-09 00:30:00+00:00,25025.0
2026-08-09 00:45:00+00:00,24764.0
2026-08-09 01:00:00+00:00,24472.0
2026-08-09 01:15:00+00:00,24272.0
2026-08-09 01:30:00+00:00,24106.0
2026-08-09 01:45:00+00:00,23965.0
2026-08-09 02:00:00+00:00,23829.0
2026-08-09 02:15:00+00:00,23710.0
2026-08-09 02:30:00+00:00,23591.0
2026-08-09 02:45:00+00:00,23484.0
2026-08-09 03:00:00+00:00,23319.0
2026-08-09 03:15:00+00:00,23288.0
2026-08-09 03:30:00+00:00,23311.0
2026-08-09 03:45:00+00:00,23363.0
2026-08-09 04:00:00+00:00,23498.0
2026-08-09 04:15:00+00:00,23502.0
2026-08-09 04:30:00+00:00,23441.0
2026-08-09 04:45:00+00:00,23336.0
2026-08-09 05:00:00+00:00,23161.0
2026-08-09 05:15:00+00:00,23063.0
2026-08-09 05:30:00+00:00,23012.0
2026-08-09 05:45:00+00:00,23016.0
2026-08-09 06:00:00+00:00,22962.0
2026-08-09 06:15:00+00:00,23085.0
2026-08-09 06:30:00+00:00,23268.0
2026-08-09 06:45:00+00:00,23493.0
2026-08-09 07:00:00+00:00,23761.0
2026-08-09 07:15:00+00:00,24001.0
2026-08-09 07:30:00+00:00,24220.0
2026-08-09 07:45:00+00:00,24416.0
2026-08-09 08:00:00+00:00,24621.0
2026-08-09 08:15:00+00:00,24787.0
2026-08-09 08:30:00+00:00,24945.0
2026-08-09 08:45:00+00:00,25096.0
2026-08-09 09:00:00+00:00,25245.0
2026-08-09 09:15:00+00:00,25388.0
2026-08-09 09:30:00+00:00,25530.0
2026-08-09 09:45:00+00:00,25681.0
2026-08-09 10:00:00+00:00,25790.0
2026-08-09 10:15:00+00:00,25996.0
2026-08-09 10:30:00+00:00,26243.0
2026-08-09 10:45:00+00:00,26518.0
2026-08-09 11:00:00+00:00,26836.0
2026-08-09 11:15:00+00:00,27122.0
2026-08-09 11:30:00+00:00,27387.0
2026-08-09 11:45:00+00:00,27611.0
2026-08-09 12:00:00+00:00,27942.0
2026-08-09 12:15:00+00:00,28020.0
2026-08-09 12:30:00+00:00,28002.0
2026-08-09 12:45:00+00:00,27921.0
2026-08-09 13:00:00+00:00,27757.0
2026-08-09 13:15:00+00:00,27674.0
2026-08-09 13:30:00+00:00,27643.0
2026-08-09 13:45:00+00:00,27667.0
2026-08-09 14:00:00+00:00,27665.0
2026-08-09 14:15:00+00:00,27771.0
2026-08-09 14:30:00+00:00,27906.0
2026-08-09 14:45:00+00:00,28068.0
2026-08-09 15:00:00+00:00,28213.0
2026-08-09 15:15:00+00:00,28422.0
2026-08-09 15:30:00+00:00,28652.0
2026-08-09 15:45:00+00:00,28905.0
2026-08-09 16:00:00+00:00,29144.0
2026-08-09 16:15:00+00:00,29445.0
2026-08-09 16:30:00+00:00,29768.0
2026-08-09 16:45:00+00:00,30092.0
2026-08-09 17:00:00+00:00,30500.0
2026-08-09 17:15:00+00:00,30748.0
2026-08-09 17:30:00+00:00,30930.0
2026-08-09 17:45:00+00:00,31071.0
2026-08-09 18:00:00+00:00,31143.0
2026-08-09 18:15:00+00:00,31306.0
2026-08-09 18:30:00+00:00,31522.0
2026-08-09 18:45:00+00:00,31765.0
2026-08-09 19:00:00+00:00,32124.0
2026-08-09 19:15:00+00:00,32309.0
2026-08-09 19:30:00+00:00,32411.0
2026-08-09 19:45:00+00:00,32411.0
2026-08-09 20:00:00+00:00,32557.0
2026-08-09 20:15:00+00:00,32305.0
2026-08-09 20:30:00+00:00,31913.0
2026-08-09 20:45:00+00:00,31417.0
2026-08-09 21:00:00+00:00,30880.0
2026-08-09 21:15:00+00:00,30315.0
2026-08-09 21:30:00+00:00,29775.0
2026-08-09 21:45:00+00:00,29259.0
2026-08-09 22:00:00+00:00,28951.0
2026-08-09 22:15:00+00:00,28458.0
2026-08-09 22:30:00+00:00,27982.0
2026-08-09 22:45:00+00:00,27525.0
2026-08-09 23:00:00+00:00,27046.0
2026-08-09 23:15:00+00:00,26645.0
2026-08-09 23:30:00+00:00,26276.0
2026-08-09 23:45:00+00:00,25939.0
2026-08-10 00:00:00+00:00,25587.0
2026-08-10 00:15:00+00:00,25300.0
2026-08-10 00:30:00+00:00,25036.0
2026-08-10 00:45:00+00:00,24800.0
2026-08-10 01:00:00+00:00,24514.0
2026-08-10 01:15:00+00:00,24361.0
2026-08-10 01:30:00+00:00,24258.0
2026-08-10 01:45:00+00:00,24193.0
2026-08-10 02:00:00+00:00,24128.0
2026-08-10 02:15:00+00:00,24093.0
2026-08-10 02:30:00+00:00,24061.0
2026-08-10 02:45:00+00:00,24068.0
2026-08-10 03:00:00+00:00,23892.0
2026-08-10 03:15:00+00:00,24118.0
2026-08-10 03:30:00+00:00,24507.0
2026-08-10 03:45:00+00:00,25026.0
2026-08-10 04:00:00+00:00,25626.0
2026-08-10 04:15:00+00:00,26248.0
2026-08-10 04:30:00+00:00,26850.0
2026-08-10 04:45:00+00:00,27413.0
2026-08-10 05:00:00+00:00,28078.0
2026-08-10 05:15:00+00:00,28526.0
2026-08-10 05:30:00+00:00,28900.0
2026-08-10 05:45:00+00:00,29216.0
2026-08-10 06:00:00+00:00,29524.0
2026-08-10 06:15:00+00:00,29790.0
2026-08-10 06:30:00+00:00,30058.0
2026-08-10 06:45:00+00:00,30321.0
2026-08-10 07:00:00+00:00,30634.0
2026-08-10 07:15:00+00:00,30850.0
2026-08-10 07:30:00+00:00,31026.0
2026-08-10 07:45:00+00:00,31167.0
2026-08-10 08:00:00+00:00,31314.0
2026-08-10 08:15:00+00:00,31410.0
2026-08-10 08:30:00+00:00,31494.0
2026-08-10 08:45:00+00:00,31575.0
2026-08-10 09:00:00+00:00,31630.0
2026-08-10 09:15:00+00:00,31725.0
2026-08-10 09:30:00+00:00,31839.0
2026-08-10 09:45:00+00:00,31980.0
2026-08-10 10:00:00+00:00,32073.0
2026-08-10 10:15:00+00:00,32297.0
2026-08-10 10:30:00+00:00,32570.0
2026-08-10 10:45:00+00:00,32868.0
2026-08-10 11:00:00+00:00,33250.0
2026-08-10 11:15:00+00:00,33514.0
2026-08-10 11:30:00+00:00,33720.0
2026-08-10 11:45:00+00:00,33863.0
2026-08-10 12:00:00+00:00,34063.0
2026-08-10 12:15:00+00:00,34080.0
2026-08-10 12:30:00+00:00,34039.0
2026-08-10 12:45:00+00:00,33961.0
2026-08-10 13:00:00+00:00,33827.0
2026-08-10 13:15:00+00:00,33753.0
2026-08-10 13:30:00+00:00,33716.0
2026-08-10 13:45:00+00:00,33719.0
2026-08-10 14:00:00+00:00,33694.0
2026-08-10 14:15:00+00:00,33773.0
2026-08-10 14:30:00+00:00,33883.0
2026-08-10 14:45:00+00:00,34010.0
2026-08-10 15:00:00+00:00,34181.0
2026-08-10 15:15:00+00:00,34283.0
2026-08-10 15:30:00+00:00,34351.0
2026-08-10 15:45:00+00:00,34402.0
2026-08-10 16:00:00+00:00,34399.0
2026-08-10 16:15:00+00:00,34482.0
2026-08-10 16:30:00+00:00,34608.0
2026-08-10 16:45:00+00:00,34758.0
2026-08-10 17:00:00+00:00,34969.0
2026-08-10 17:15:00+00:00,35085.0
2026-08-10 17:30:00+00:00,35153.0
2026-08-10 17:45:00+00:00,35194.0
2026-08-10 18:00:00+00:00,35173.0
2026-08-10 18:15:00+00:00,35258.0
2026-08-10 18:30:00+00:00,35396.0
2026-08-10 18:45:00+00:00,35538.0
2026-08-10 19:00:00+00:00,35901.0
2026-08-10 19:15:00+00:00,35848.0
2026-08-10 19:30:00+00:00,35614.0
2026-08-10 19:45:00+00:00,35223.0
2026-08-10 20:00:00+00:00,34848.0
2026-08-10 20:15:00+00:00,34264.0
2026-08-10 20:30:00+00:00,33644.0
2026-08-10 20:45:00+00:00,33012.0
2026-08-10 21:00:00+00:00,32336.0
2026-08-10 21:15:00+00:00,31754.0
2026-08-10 21:30:00+00:00,31224.0
2026-08-10 21:45:00+00:00,30733.0
2026-08-10 22:00:00+00:00,29548.0
2026-08-10 22:15:00+00:00,29127.0
2026-08-10 22:30:00+00:00,28702.0
2026-08-10 22:45:00+00:00,28277.0
2026-08-10 23:00:00+00:00,27835.0
2026-08-10 23:15:00+00:00,27437.0
2026-08-10 23:30:00+00:00,27064.0
2026-08-10 23:45:00+00:00,26717.0
2026-08-11 00:00:00+00:00,26346.0
2026-08-11 00:15:00+00:00,26057.0
2026-08-11 00:30:00+00:00,25799.0
2026-08-11 00:45:00+00:00,25572.0
2026-08-11 01:00:00+00:00,25318.0
2026-08-11 01:15:00+00:00,25154.0
2026-08-11 01:30:00+00:00,25021.0
2026-08-11 01:45:00+00:00,24915.0
2026-08-11 02:00:00+00:00,24785.0
2026-08-11 02:15:00+00:00,24723.0
2026-08-11 02:30:00+00:00,24682.0
2026-08-11 02:45:00+00:00,24688.0
2026-08-11 03:00:00+00:00,24555.0
2026-08-11 03:15:00+00:00,24744.0
2026-08-11 03:30:00+00:00,25058.0
2026-08-11 03:45:00+00:00,25473.0
2026-08-11 04:00:00+00:00,25939.0
2026-08-11 04:15:00+00:00,26443.0
2026-08-11 04:30:00+00:00,26940.0
2026-08-11 04:45:00+00:00,27413.0
2026-08-11 05:00:00+00:00,27970.0
2026-08-11 05:15:00+00:00,28350.0
2026-08-11 05:30:00+00:00,28668.0
2026-08-11 05:45:00+00:00,28937.0
2026-08-11 06:00:00+00:00,29189.0
2026-08-11 06:15:00+00:00,29427.0
2026-08-11 06:30:00+00:00,29674.0
2026-08-11 06:45:00+00:00,29925.0
2026-08-11 07:00:00+00:00,30217.0
2026-08-11 07:15:00+00:00,30442.0
2026-08-11 07:30:00+00:00,30638.0
2026-08-11 07:45:00+00:00,30804.0
2026-08-11 08:00:00+00:00,30998.0
2026-08-11 08:15:00+00:00,31102.0
2026-08-11 08:30:00+00:00,31177.0
2026-08-11 08:45:00+00:00,31232.0
2026-08-11 09:00:00+00:00,31264.0
2026-08-11 09:15:00+00:00,31311.0
2026-08-11 09:30:00+00:00,31371.0
2026-08-11 09:45:00+00:00,31456.0
2026-08-11 10:00:00+00:00,31482.0
2026-08-11 10:15:00+00:00,31655.0
2026-08-11 10:30:00+00:00,31885.0
2026-08-11 10:45:00+00:00,32147.0
2026-08-11 11:00:00+00:00,32488.0
2026-08-11 11:15:00+00:00,32727.0
2026-08-11 11:30:00+00:00,32914.0
2026-08-11 11:45:00+00:00,33043.0
2026-08-11 12:00:00+00:00,33224.0
2026-08-11 12:15:00+00:00,33240.0
2026-08-11 12:30:00+00:00,33202.0
2026-08-11 12:45:00+00:00,33128.0
2026-08-11 13:00:00+00:00,33010.0
2026-08-11 13:15:00+00:00,32928.0
2026-08-11 13:30:00+00:00,32873.0
2026-08-11 13:45:00+00:00,32856.0
2026-08-11 14:00:00+00:00,32776.0
2026-08-11 14:15:00+00:00,32863.0
2026-08-11 14:30:00+00:00,33011.0
2026-08-11 14:45:00+00:00,33194.0
2026-08-11 15:00:00+00:00,33444.0
2026-08-11 15:15:00+00:00,33608.0
2026-08-11 15:30:00+00:00,33725.0
2026-08-11 15:45:00+00:00,33811.0
2026-08-11 16:00:00+00:00,33847.0
2026-08-11 16:15:00+00:00,33950.0
2026-08-11 16:30:00+00:00,34092.0
2026-08-11 16:45:00+00:00,34257.0
2026-08-11 17:00:00+00:00,34482.0
2026-08-11 17:15:00+00:00,34615.0
2026-08-11 17:30:00+00:00,34701.0
2026-08-11 17:45:00+00:00,34754.0
2026-08-11 18:00:00+00:00,34783.0
2026-08-11 18:15:00+00:00,34830.0
2026-08-11 18:30:00+00:00,34896.0
2026-08-11 18:45:00+00:00,34948.0
2026-08-11 19:00:00+00:00,35158.0
2026-08-11 19:15:00+00:00,35056.0
2026-08-11 19:30:00+00:00,34825.0
2026-08-11 19:45:00+00:00,34476.0
2026-08-11 20:00:00+00:00,34166.0
2026-08-11 20:15:00+00:00,33643.0
2026-08-11 20:30:00+00:00,33071.0
2026-08-11 20:45:00+00:00,32481.0
2026-08-11 21:00:00+00:00,31813.0
2026-08-11 21:15:00+00:00,31296.0
2026-08-11 21:30:00+00:00,30854.0
2026-08-11 21:45:00+00:00,30462.0
2026-08-11 22:00:00+00:00,29962.0
2026-08-11 22:15:00+00:00,29563.0
2026-08-11 22:30:00+00:00,29110.0
2026-08-11 22:45:00+00:00,28623.0
2026-08-11 23:00:00+00:00,28072.0
2026-08-11 23:15:00+00:00,27618.0
2026-08-11 23:30:00+00:00,27220.0
2026-08-11 23:45:00+00:00,26878.0
2026-08-12 00:00:00+00:00,26521.0
2026-08-12 00:15:00+00:00,26261.0
2026-08-12 00:30:00+00:00,26029.0
2026-08-12 00:45:00+00:00,25824.0
2026-08-12 01:00:00+00:00,25595.0
2026-08-12 01:15:00+00:00,25446.0
2026-08-12 01:30:00+00:00,25325.0
2026-08-12 01:45:00+00:00,25229.0
2026-08-12 02:00:00+00:00,25114.0
2026-08-12 02:15:00+00:00,25051.0
2026-08-12 02:30:00+00:00,25003.0
2026-08-12 02:45:00+00:00,24997.0
2026-08-12 03:00:00+00:00,24853.0
2026-08-12 03:15:00+00:00,25019.0
2026-08-12 03:30:00+00:00,25308.0
2026-08-12 03:45:00+00:00,25697.0
2026-08-12 04:00:00+00:00,26121.0
2026-08-12 04:15:00+00:00,26615.0
2026-08-12 04:30:00+00:00,27115.0
2026-08-12 04:45:00+00:00,27598.0
2026-08-12 05:00:00+00:00,28180.0
2026-08-12 05:15:00+00:00,28568.0
2026-08-12 05:30:00+00:00,28882.0
2026-08-12 05:45:00+00:00,29145.0
2026-08-12 06:00:00+00:00,29366.0
2026-08-12 06:15:00+00:00,29617.0
2026-08-12 06:30:00+00:00,29898.0
2026-08-12 06:45:00+00:00,30196.0
2026-08-12 07:00:00+00:00,30558.0
2026-08-12 07:15:00+00:00,30824.0
2026-08-12 07:30:00+00:00,31044.0
2026-08-12 07:45:00+00:00,31221.0
2026-08-12 08:00:00+00:00,31413.0
2026-08-12 08:15:00+00:00,31527.0
2026-08-12 08:30:00+00:00,31620.0
2026-08-12 08:45:00+00:00,31702.0
2026-08-12 09:00:00+00:00,31756.0
2026-08-12 09:15:00+00:00,31850.0
2026-08-12 09:30:00+00:00,31963.0
2026-08-12 09:45:00+00:00,32101.0
2026-08-12 10:00:00+00:00,32209.0
2026-08-12 10:15:00+00:00,32410.0
2026-08-12 10:30:00+00:00,32644.0
2026-08-12 10:45:00+00:00,32894.0
2026-08-12 11:00:00+00:00,33209.0
2026-08-12 11:15:00+00:00,33427.0
2026-08-12 11:30:00+00:00,33600.0
2026-08-12 11:45:00+00:00,33721.0
2026-08-12 12:00:00+00:00,33890.0
2026-08-12 12:15:00+00:00,33908.0
2026-08-12 12:30:00+00:00,33875.0
2026-08-12 12:45:00+00:00,33814.0
2026-08-12 13:00:00+00:00,33694.0
2026-08-12 13:15:00+00:00,33651.0
2026-08-12 13:30:00+00:00,33649.0
2026-08-12 13:45:00+00:00,33683.0
2026-08-12 14:00:00+00:00,33718.0
2026-08-12 14:15:00+00:00,33792.0
2026-08-12 14:30:00+00:00,33872.0
2026-08-12 14:45:00+00:00,33957.0
2026-08-12 15:00:00+00:00,34030.0
2026-08-12 15:15:00+00:00,34134.0
2026-08-12 15:30:00+00:00,34250.0
2026-08-12 15:45:00+00:00,34379.0
2026-08-12 16:00:00+00:00,34506.0
2026-08-12 16:15:00+00:00,34656.0
2026-08-12 16:30:00+00:00,34812.0
2026-08-12 16:45:00+00:00,34963.0
2026-08-12 17:00:00+00:00,35165.0
2026-08-12 17:15:00+00:00,35261.0
2026-08-12 17:30:00+00:00,35313.0
2026-08-12 17:45:00+00:00,35340.0
2026-08-12 18:00:00+00:00,35329.0
2026-08-12 18:15:00+00:00,35372.0
2026-08-12 18:30:00+00:00,35446.0
2026-08-12 18:45:00+00:00,35514.0
2026-08-12 19:00:00+00:00,35756.0
2026-08-12 19:15:00+00:00,35665.0
2026-08-12 19:30:00+00:00,35431.0
2026-08-12 19:45:00+00:00,35067.0
2026-08-12 20:00:00+00:00,34745.0
2026-08-12 20:15:00+00:00,34193.0
2026-08-12 20:30:00+00:00,33587.0
2026-08-12 20:45:00+00:00,32963.0
2026-08-12 21:00:00+00:00,32255.0
2026-08-12 21:15:00+00:00,31710.0
2026-08-12 21:30:00+00:00,31246.0
2026-08-12 21:45:00+00:00,30838.0
