fecha,hora,ejecucion_madrid,ejecucion_utc,version,modo,disparo,ok,vacio,fallo,omitida,parcial,kb_total,ruta,run_id
2026-08-11,1132,2026-08-11T11:32:48+02:00,2026-08-11T09:32:48+00:00,v3,,,13,0,1,,,349.6,archivo/2026/08/2026-08-11/1132,
2026-08-11,1143,2026-08-11T11:43:07+02:00,2026-08-11T09:43:07+00:00,v3,,,12,0,1,,,347.8,archivo/2026/08/2026-08-11/1143,
2026-08-11,1312,2026-08-11T13:12:37+02:00,2026-08-11T11:12:37+00:00,v3,,,13,0,0,,,356.0,archivo/2026/08/2026-08-11/1312,
2026-08-11,1403,2026-08-11T14:03:12+02:00,2026-08-11T12:03:12+00:00,v3,,,13,0,0,,,356.5,archivo/2026/08/2026-08-11/1403,
2026-08-11,1810,2026-08-11T18:10:43+02:00,2026-08-11T16:10:43+00:00,v3,,,13,0,0,,,399.9,archivo/2026/08/2026-08-11/1810,
2026-08-11,2053,2026-08-11T20:53:22+02:00,2026-08-11T18:53:22+00:00,v3.1,,,12,0,0,1,,513.9,archivo/2026/08/2026-08-11/2053,
2026-08-11,2125,2026-08-11T21:25:16+02:00,2026-08-11T19:25:16+00:00,v3.1,,,13,0,0,0,,516.2,archivo/2026/08/2026-08-11/2125,
2026-08-11,2232,2026-08-11T22:32:55+02:00,2026-08-11T20:32:55+00:00,v3.3,completo,,12,0,0,1,0,1923.7,archivo/2026/08/2026-08-11/2232,
2026-08-12,0012,2026-08-12T00:12:50+02:00,2026-08-11T22:12:50+00:00,v3.3,completo,,13,0,0,0,0,1638.8,archivo/2026/08/2026-08-12/0012,
2026-08-12,0715,2026-08-12T07:15:57+02:00,2026-08-12T05:15:57+00:00,v3.3,ligero,,12,0,0,1,0,301.6,archivo/2026/08/2026-08-12/0715,
2026-08-12,0900,2026-08-12T09:00:34+02:00,2026-08-12T07:00:34+00:00,v3.3,ligero,,13,0,1,0,0,304.0,archivo/2026/08/2026-08-12/0900,
2026-08-12,0953,2026-08-12T09:53:26+02:00,2026-08-12T07:53:26+00:00,v3.3,ligero,,13,0,0,0,0,304.8,archivo/2026/08/2026-08-12/0953,
2026-08-12,1007,2026-08-12T10:07:57+02:00,2026-08-12T08:07:57+00:00,v3.3,ligero,,12,0,0,1,0,302.7,archivo/2026/08/2026-08-12/1007,
2026-08-12,1050,2026-08-12T10:50:47+02:00,2026-08-12T08:50:47+00:00,v3.3,ligero,,12,0,0,1,0,302.7,archivo/2026/08/2026-08-12/1050,
2026-08-12,1145,2026-08-12T11:45:04+02:00,2026-08-12T09:45:04+00:00,v3.3,ligero,,12,0,0,1,0,303.4,archivo/2026/08/2026-08-12/1145,
2026-08-12,1150,2026-08-12T11:50:52+02:00,2026-08-12T09:50:52+00:00,v3.3,ligero,,12,0,0,1,0,303.5,archivo/2026/08/2026-08-12/1150,
2026-08-12,1250,2026-08-12T12:50:55+02:00,2026-08-12T10:50:55+00:00,v3.3,ligero,,13,0,0,0,0,306.0,archivo/2026/08/2026-08-12/1250,
2026-08-12,1350,2026-08-12T13:50:48+02:00,2026-08-12T11:50:48+00:00,v3.3,ligero,,12,0,0,1,0,310.8,archivo/2026/08/2026-08-12/1350,
2026-08-12,1406,2026-08-12T14:06:06+02:00,2026-08-12T12:06:06+00:00,v3.3,ligero,,12,0,0,1,0,310.8,archivo/2026/08/2026-08-12/1406,
2026-08-12,1450,2026-08-12T14:50:48+02:00,2026-08-12T12:50:48+00:00,v3.3,ligero,,12,0,0,1,0,311.2,archivo/2026/08/2026-08-12/1450,
2026-08-12,1550,2026-08-12T15:50:56+02:00,2026-08-12T13:50:56+00:00,v3.3,ligero,,13,0,0,0,0,314.2,archivo/2026/08/2026-08-12/1550,
2026-08-12,1650,2026-08-12T16:50:53+02:00,2026-08-12T14:50:53+00:00,v3.3,ligero,,12,0,0,1,0,315.4,archivo/2026/08/2026-08-12/1650,
2026-08-12,1750,2026-08-12T17:50:50+02:00,2026-08-12T15:50:50+00:00,v3.3,ligero,,12,0,0,1,0,324.3,archivo/2026/08/2026-08-12/1750,
2026-08-12,1808,2026-08-12T18:08:13+02:00,2026-08-12T16:08:13+00:00,v3.3,ligero,,13,0,0,0,0,327.5,archivo/2026/08/2026-08-12/1808,
2026-08-12,1850,2026-08-12T18:50:45+02:00,2026-08-12T16:50:45+00:00,v3.3,ligero,,13,0,0,0,0,327.8,archivo/2026/08/2026-08-12/1850,
2026-08-12,1950,2026-08-12T19:50:58+02:00,2026-08-12T17:50:58+00:00,v3.3,ligero,,12,0,0,1,0,325.8,archivo/2026/08/2026-08-12/1950,
2026-08-12,2050,2026-08-12T20:50:47+02:00,2026-08-12T18:50:47+00:00,v3.3,ligero,,12,0,0,1,0,326.8,archivo/2026/08/2026-08-12/2050,
2026-08-12,2150,2026-08-12T21:50:47+02:00,2026-08-12T19:50:47+00:00,v3.3,ligero,,13,0,0,0,0,330.5,archivo/2026/08/2026-08-12/2150,
2026-08-12,2203,2026-08-12T22:03:54+02:00,2026-08-12T20:03:54+00:00,v3.3,ligero,,12,0,0,1,0,328.4,archivo/2026/08/2026-08-12/2203,
2026-08-12,2250,2026-08-12T22:50:49+02:00,2026-08-12T20:50:49+00:00,v3.3,ligero,,12,0,0,1,0,328.7,archivo/2026/08/2026-08-12/2250,
2026-08-12,2350,2026-08-12T23:50:52+02:00,2026-08-12T21:50:52+00:00,v3.3,ligero,,12,0,0,1,0,331.0,archivo/2026/08/2026-08-12/2350,
2026-08-13,0050,2026-08-13T00:50:51+02:00,2026-08-12T22:50:51+00:00,v3.3,completo,,13,0,0,0,0,1658.3,archivo/2026/08/2026-08-13/0050,
2026-08-13,0112,2026-08-13T01:12:45+02:00,2026-08-12T23:12:45+00:00,v3.3,completo,,12,0,0,1,0,1656.9,archivo/2026/08/2026-08-13/0112,
2026-08-13,0150,2026-08-13T01:50:47+02:00,2026-08-12T23:50:47+00:00,v3.3,ligero,,12,0,0,1,0,295.9,archivo/2026/08/2026-08-13/0150,
2026-08-13,0250,2026-08-13T02:50:45+02:00,2026-08-13T00:50:45+00:00,v3.3,ligero,,12,0,0,1,0,297.8,archivo/2026/08/2026-08-13/0250,
2026-08-13,0350,2026-08-13T03:50:48+02:00,2026-08-13T01:50:48+00:00,v3.3,ligero,,13,0,0,0,0,300.0,archivo/2026/08/2026-08-13/0350,
2026-08-13,0450,2026-08-13T04:50:48+02:00,2026-08-13T02:50:48+00:00,v3.3,ligero,,12,0,0,1,0,297.8,archivo/2026/08/2026-08-13/0450,
2026-08-13,0550,2026-08-13T05:50:51+02:00,2026-08-13T03:50:51+00:00,v3.3,ligero,,12,0,0,1,0,298.6,archivo/2026/08/2026-08-13/0550,
2026-08-13,0650,2026-08-13T06:50:48+02:00,2026-08-13T04:50:48+00:00,v3.3,ligero,,12,0,1,0,0,299.1,archivo/2026/08/2026-08-13/0650,
2026-08-13,0724,2026-08-13T07:24:13+02:00,2026-08-13T05:24:13+00:00,v3.3,ligero,,12,0,0,1,0,299.2,archivo/2026/08/2026-08-13/0724,
2026-08-13,0750,2026-08-13T07:50:48+02:00,2026-08-13T05:50:48+00:00,v3.3,ligero,,12,0,0,1,0,301.8,archivo/2026/08/2026-08-13/0750,
2026-08-13,0850,2026-08-13T08:50:57+02:00,2026-08-13T06:50:57+00:00,v3.3,ligero,,12,0,0,1,0,302.1,archivo/2026/08/2026-08-13/0850,
2026-08-13,0950,2026-08-13T09:50:46+02:00,2026-08-13T07:50:46+00:00,v3.3,ligero,,13,0,0,0,0,304.8,archivo/2026/08/2026-08-13/0950,
2026-08-13,1032,2026-08-13T10:32:25+02:00,2026-08-13T08:32:25+00:00,v3.4,ligero,push,12,0,0,1,0,302.9,archivo/2026/08/2026-08-13/1032,31682478579
2026-08-13,1035,2026-08-13T10:35:08+02:00,2026-08-13T08:35:08+00:00,v3.3,ligero,,12,0,0,1,0,302.9,archivo/2026/08/2026-08-13/1035,
2026-08-13,1038,2026-08-13T10:38:09+02:00,2026-08-13T08:38:09+00:00,v3.5,ligero,push,12,0,0,1,0,303.0,archivo/2026/08/2026-08-13/1038,31682899116
2026-08-13,1122,2026-08-13T11:22:23+02:00,2026-08-13T09:22:23+00:00,v3.6,ligero,push,14,0,0,1,0,269.0,archivo/2026/08/2026-08-13/1122,31686243408
2026-08-13,1143,2026-08-13T11:43:54+02:00,2026-08-13T09:43:54+00:00,v3.7,ligero,push,14,0,0,1,0,314.3,archivo/2026/08/2026-08-13/1143,31687891931
2026-08-13,1150,2026-08-13T11:50:51+02:00,2026-08-13T09:50:51+00:00,v3.7,ligero,workflow_dispatch,14,0,0,1,0,314.3,archivo/2026/08/2026-08-13/1150,31688410605
2026-08-13,1407,2026-08-13T14:07:09+02:00,2026-08-13T12:07:09+00:00,v3.7,ligero,schedule,15,0,0,0,0,323.5,archivo/2026/08/2026-08-13/1407,31698534713
2026-08-13,1451,2026-08-13T14:51:01+02:00,2026-08-13T12:51:01+00:00,v3.7,ligero,workflow_dispatch,14,0,0,1,0,327.6,archivo/2026/08/2026-08-13/1451,31701964544
2026-08-13,1745,2026-08-13T17:45:40+02:00,2026-08-13T15:45:40+00:00,v3.7,ligero,schedule,15,0,0,0,0,341.9,archivo/2026/08/2026-08-13/1745,31717108187
2026-08-13,1750,2026-08-13T17:50:55+02:00,2026-08-13T15:50:55+00:00,v3.7,ligero,workflow_dispatch,14,0,0,1,0,339.8,archivo/2026/08/2026-08-13/1750,31717569691
2026-08-13,2007,2026-08-13T20:07:53+02:00,2026-08-13T18:07:53+00:00,v3.8,ligero,push,14,0,0,1,0,341.9,archivo/2026/08/2026-08-13/2007,31729172265
2026-08-13,2013,2026-08-13T20:13:04+02:00,2026-08-13T18:13:04+00:00,v3.9,ligero,push,15,0,0,1,0,371.2,archivo/2026/08/2026-08-13/2013,31729593862
2026-08-13,2050,2026-08-13T20:50:47+02:00,2026-08-13T18:50:47+00:00,v3.9,ligero,workflow_dispatch,18,0,0,0,0,387.6,archivo/2026/08/2026-08-13/2050,31732820011
2026-08-13,2158,2026-08-13T21:58:25+02:00,2026-08-13T19:58:25+00:00,v3.9,ligero,schedule,15,0,0,1,0,373.7,archivo/2026/08/2026-08-13/2158,31738492031
2026-08-13,2350,2026-08-13T23:50:49+02:00,2026-08-13T21:50:49+00:00,v3.9,ligero,workflow_dispatch,18,0,0,0,0,392.2,archivo/2026/08/2026-08-13/2350,31747412893
2026-08-14,0112,2026-08-14T01:12:12+02:00,2026-08-13T23:12:12+00:00,v3.9,completo,schedule,15,0,0,1,0,1181.2,archivo/2026/08/2026-08-14/0112,31752930537
2026-08-14,0250,2026-08-14T02:50:49+02:00,2026-08-14T00:50:49+00:00,v3.9,ligero,workflow_dispatch,18,0,0,0,0,346.8,archivo/2026/08/2026-08-14/0250,31758701497
2026-08-14,0550,2026-08-14T05:50:48+02:00,2026-08-14T03:50:48+00:00,v3.9,ligero,workflow_dispatch,18,0,0,0,0,348.4,archivo/2026/08/2026-08-14/0550,31768010293
2026-08-14,0721,2026-08-14T07:21:30+02:00,2026-08-14T05:21:30+00:00,v3.9,ligero,schedule,15,0,0,1,0,333.2,archivo/2026/08/2026-08-14/0721,31772722302
2026-08-14,0850,2026-08-14T08:50:46+02:00,2026-08-14T06:50:46+00:00,v3.9,ligero,workflow_dispatch,18,0,0,0,0,349.7,archivo/2026/08/2026-08-14/0850,31777706187
2026-08-14,1138,2026-08-14T11:38:22+02:00,2026-08-14T09:38:22+00:00,v3.9,ligero,schedule,18,0,0,0,0,351.8,archivo/2026/08/2026-08-14/1138,31788896625
2026-08-14,1150,2026-08-14T11:50:46+02:00,2026-08-14T09:50:46+00:00,v3.9,ligero,workflow_dispatch,15,0,0,1,0,335.9,archivo/2026/08/2026-08-14/1150,31789752460
2026-08-14,1401,2026-08-14T14:01:21+02:00,2026-08-14T12:01:21+00:00,v3.9,ligero,schedule,15,0,0,1,0,343.7,archivo/2026/08/2026-08-14/1401,31798553460
2026-08-14,1450,2026-08-14T14:50:51+02:00,2026-08-14T12:50:51+00:00,v3.9,ligero,workflow_dispatch,15,0,1,0,0,353.4,archivo/2026/08/2026-08-14/1450,31802046946
2026-08-14,1737,2026-08-14T17:37:02+02:00,2026-08-14T15:37:02+00:00,v3.9,ligero,schedule,18,0,0,0,0,384.3,archivo/2026/08/2026-08-14/1737,31815349536
2026-08-14,1750,2026-08-14T17:50:51+02:00,2026-08-14T15:50:51+00:00,v3.9,ligero,workflow_dispatch,15,0,0,1,0,368.5,archivo/2026/08/2026-08-14/1750,31816461568
2026-08-14,2011,2026-08-14T20:11:08+02:00,2026-08-14T18:11:08+00:00,v3.10,ligero,push,18,0,0,0,0,386.9,archivo/2026/08/2026-08-14/2011,31827440678
2026-08-14,2035,2026-08-14T20:35:44+02:00,2026-08-14T18:35:44+00:00,v3.10,ligero,schedule,15,0,0,1,0,371.5,archivo/2026/08/2026-08-14/2035,31829360732
2026-08-14,2050,2026-08-14T20:50:50+02:00,2026-08-14T18:50:50+00:00,v3.10,ligero,workflow_dispatch,15,0,0,1,0,371.4,archivo/2026/08/2026-08-14/2050,31830540082
2026-08-14,2216,2026-08-14T22:16:52+02:00,2026-08-14T20:16:52+00:00,v3.10,ligero,schedule,15,0,0,1,0,373.4,archivo/2026/08/2026-08-14/2216,31837153883
2026-08-14,2346,2026-08-14T23:46:34+02:00,2026-08-14T21:46:34+00:00,v3.10,ligero,schedule,18,0,0,0,0,392.1,archivo/2026/08/2026-08-14/2346,31843858722
2026-08-15,0143,2026-08-15T01:43:02+02:00,2026-08-14T23:43:02+00:00,v3.10,completo,schedule,15,0,0,1,0,1167.6,archivo/2026/08/2026-08-15/0143,31851273767
2026-08-15,0250,2026-08-15T02:50:46+02:00,2026-08-15T00:50:46+00:00,v3.10,ligero,workflow_dispatch,18,0,0,0,0,343.2,archivo/2026/08/2026-08-15/0250,31854816954
2026-08-15,0441,2026-08-15T04:41:23+02:00,2026-08-15T02:41:23+00:00,v3.10,ligero,schedule,15,0,0,1,0,327.5,archivo/2026/08/2026-08-15/0441,31859822782
2026-08-15,0550,2026-08-15T05:50:47+02:00,2026-08-15T03:50:47+00:00,v3.10,ligero,workflow_dispatch,18,0,0,0,0,344.6,archivo/2026/08/2026-08-15/0550,31862868836
2026-08-15,0607,2026-08-15T06:07:15+02:00,2026-08-15T04:07:15+00:00,v3.10,ligero,schedule,15,0,0,1,0,328.8,archivo/2026/08/2026-08-15/0607,31863590468
2026-08-15,0751,2026-08-15T07:51:01+02:00,2026-08-15T05:51:01+00:00,v3.10,ligero,schedule,15,0,0,1,0,332.8,archivo/2026/08/2026-08-15/0751,31867956390
2026-08-15,0850,2026-08-15T08:50:49+02:00,2026-08-15T06:50:49+00:00,v3.10,ligero,workflow_dispatch,18,0,0,0,0,349.2,archivo/2026/08/2026-08-15/0850,31870438939
2026-08-15,0954,2026-08-15T09:54:10+02:00,2026-08-15T07:54:10+00:00,v3.10,ligero,schedule,15,0,0,1,0,333.8,archivo/2026/08/2026-08-15/0954,31873116264
2026-08-15,1148,2026-08-15T11:48:35+02:00,2026-08-15T09:48:35+00:00,v3.10,ligero,schedule,18,0,0,0,0,351.5,archivo/2026/08/2026-08-15/1148,31877921670
2026-08-15,1338,2026-08-15T13:38:18+02:00,2026-08-15T11:38:18+00:00,v3.10,ligero,schedule,15,0,0,1,0,343.1,archivo/2026/08/2026-08-15/1338,31882532494
2026-08-15,1400,2026-08-15T14:00:33+02:00,2026-08-15T12:00:33+00:00,v3.10,ligero,schedule,15,0,0,1,0,343.1,archivo/2026/08/2026-08-15/1400,31883492167
2026-08-15,1450,2026-08-15T14:50:53+02:00,2026-08-15T12:50:53+00:00,v3.10,ligero,workflow_dispatch,18,0,0,0,0,369.2,archivo/2026/08/2026-08-15/1450,31885624986
2026-08-15,1552,2026-08-15T15:52:38+02:00,2026-08-15T13:52:38+00:00,v3.10,ligero,schedule,15,0,0,1,0,355.7,archivo/2026/08/2026-08-15/1552,31888370970
2026-08-15,1739,2026-08-15T17:39:59+02:00,2026-08-15T15:39:59+00:00,v3.10,ligero,schedule,18,0,0,0,0,378.9,archivo/2026/08/2026-08-15/1739,31893342386
2026-08-15,1750,2026-08-15T17:50:50+02:00,2026-08-15T15:50:50+00:00,v3.10,ligero,workflow_dispatch,15,0,0,1,0,363.0,archivo/2026/08/2026-08-15/1750,31893850622
2026-08-15,1801,2026-08-15T18:01:59+02:00,2026-08-15T16:01:59+00:00,v3.10,ligero,schedule,15,0,0,1,0,364.6,archivo/2026/08/2026-08-15/1801,31894372602
2026-08-15,1940,2026-08-15T19:40:38+02:00,2026-08-15T17:40:38+00:00,v3.10,ligero,schedule,15,0,0,1,0,365.5,archivo/2026/08/2026-08-15/1940,31898971706
2026-08-15,2000,2026-08-15T20:00:48+02:00,2026-08-15T18:00:48+00:00,v3.10,ligero,schedule,15,0,0,1,0,365.6,archivo/2026/08/2026-08-15/2000,31899924358
2026-08-15,2050,2026-08-15T20:50:50+02:00,2026-08-15T18:50:50+00:00,v3.10,ligero,workflow_dispatch,18,0,0,0,0,382.3,archivo/2026/08/2026-08-15/2050,31902239278
2026-08-15,2139,2026-08-15T21:39:30+02:00,2026-08-15T19:39:30+00:00,v3.10,ligero,schedule,15,0,0,1,0,366.9,archivo/2026/08/2026-08-15/2139,31904521481
2026-08-15,2200,2026-08-15T22:00:47+02:00,2026-08-15T20:00:47+00:00,v3.10,ligero,schedule,15,0,0,1,0,368.2,archivo/2026/08/2026-08-15/2200,31905505000
2026-08-15,2339,2026-08-15T23:39:43+02:00,2026-08-15T21:39:43+00:00,v3.10,ligero,schedule,18,0,0,0,0,385.9,archivo/2026/08/2026-08-15/2339,31910033246
2026-08-15,2350,2026-08-15T23:50:50+02:00,2026-08-15T21:50:50+00:00,v3.10,ligero,workflow_dispatch,15,0,0,1,0,371.1,archivo/2026/08/2026-08-15/2350,31910537127
2026-08-16,0000,2026-08-16T00:00:51+02:00,2026-08-15T22:00:51+00:00,v3.10,completo,schedule,15,0,0,1,0,1133.9,archivo/2026/08/2026-08-16/0000,31910985275
2026-08-16,0137,2026-08-16T01:37:48+02:00,2026-08-15T23:37:48+00:00,v3.10,ligero,schedule,15,0,0,1,0,327.3,archivo/2026/08/2026-08-16/0137,31915206329
2026-08-16,0201,2026-08-16T02:01:24+02:00,2026-08-16T00:01:24+00:00,v3.10,ligero,schedule,15,0,0,1,0,327.5,archivo/2026/08/2026-08-16/0201,31916196392
2026-08-16,0250,2026-08-16T02:50:48+02:00,2026-08-16T00:50:48+00:00,v3.10,ligero,workflow_dispatch,18,0,0,0,0,344.8,archivo/2026/08/2026-08-16/0250,31918181964
2026-08-16,0533,2026-08-16T05:33:38+02:00,2026-08-16T03:33:38+00:00,v3.10,ligero,schedule,18,0,0,0,0,345.5,archivo/2026/08/2026-08-16/0533,31924527115
2026-08-16,0550,2026-08-16T05:50:50+02:00,2026-08-16T03:50:50+00:00,v3.10,ligero,workflow_dispatch,15,0,0,1,0,330.5,archivo/2026/08/2026-08-16/0550,31925199090
2026-08-16,0704,2026-08-16T07:04:38+02:00,2026-08-16T05:04:38+00:00,v3.10,ligero,schedule,15,0,0,1,0,331.2,archivo/2026/08/2026-08-16/0704,31928134338
2026-08-16,0850,2026-08-16T08:50:49+02:00,2026-08-16T06:50:49+00:00,v3.10,ligero,workflow_dispatch,18,0,0,0,0,347.7,archivo/2026/08/2026-08-16/0850,31932387418
2026-08-16,0919,2026-08-16T09:19:36+02:00,2026-08-16T07:19:36+00:00,v3.10,ligero,schedule,15,0,0,1,0,332.2,archivo/2026/08/2026-08-16/0919,31933578180
2026-08-16,1059,2026-08-16T10:59:36+02:00,2026-08-16T08:59:36+00:00,v3.10,ligero,schedule,15,0,0,1,0,334.0,archivo/2026/08/2026-08-16/1059,31937843787
2026-08-16,1150,2026-08-16T11:50:53+02:00,2026-08-16T09:50:53+00:00,v3.10,ligero,workflow_dispatch,18,0,0,0,0,349.8,archivo/2026/08/2026-08-16/1150,31940100700
2026-08-16,1245,2026-08-16T12:45:24+02:00,2026-08-16T10:45:24+00:00,v3.10,ligero,schedule,15,0,0,1,0,334.7,archivo/2026/08/2026-08-16/1245,31942492359
2026-08-16,1401,2026-08-16T14:01:26+02:00,2026-08-16T12:01:26+00:00,v3.10,ligero,schedule,15,0,0,1,0,341.8,archivo/2026/08/2026-08-16/1401,31945907344
2026-08-16,1450,2026-08-16T14:50:48+02:00,2026-08-16T12:50:48+00:00,v3.10,ligero,workflow_dispatch,18,0,0,0,0,367.6,archivo/2026/08/2026-08-16/1450,31948145534
2026-08-16,1554,2026-08-16T15:54:35+02:00,2026-08-16T13:54:35+00:00,v3.10,ligero,schedule,15,0,0,1,0,354.7,archivo/2026/08/2026-08-16/1554,31951146649
2026-08-16,1741,2026-08-16T17:41:08+02:00,2026-08-16T15:41:08+00:00,v3.10,ligero,schedule,18,0,0,0,0,377.6,archivo/2026/08/2026-08-16/1741,31956375873
2026-08-16,1750,2026-08-16T17:50:52+02:00,2026-08-16T15:50:52+00:00,v3.10,ligero,workflow_dispatch,15,0,0,1,0,362.5,archivo/2026/08/2026-08-16/1750,31956847453
2026-08-16,1850,2026-08-16T18:50:42+02:00,2026-08-16T16:50:42+00:00,v3.10,ligero,schedule,15,0,0,1,0,363.7,archivo/2026/08/2026-08-16/1850,31959793727
2026-08-16,2000,2026-08-16T20:00:42+02:00,2026-08-16T18:00:42+00:00,v3.10,ligero,schedule,15,0,0,1,0,364.2,archivo/2026/08/2026-08-16/2000,31963293190
2026-08-16,2050,2026-08-16T20:50:52+02:00,2026-08-16T18:50:52+00:00,v3.10,ligero,workflow_dispatch,18,0,0,0,0,380.4,archivo/2026/08/2026-08-16/2050,31965781538
2026-08-16,2138,2026-08-16T21:38:29+02:00,2026-08-16T19:38:29+00:00,v3.10,ligero,schedule,15,0,0,1,0,365.3,archivo/2026/08/2026-08-16/2138,31968167513
2026-08-16,2200,2026-08-16T22:00:12+02:00,2026-08-16T20:00:12+00:00,v3.10,ligero,schedule,15,0,0,1,0,367.0,archivo/2026/08/2026-08-16/2200,31969234020
2026-08-16,2337,2026-08-16T23:37:41+02:00,2026-08-16T21:37:41+00:00,v3.10,ligero,schedule,18,0,0,0,0,383.2,archivo/2026/08/2026-08-16/2337,31974037366
2026-08-16,2350,2026-08-16T23:50:52+02:00,2026-08-16T21:50:52+00:00,v3.10,ligero,workflow_dispatch,15,0,0,1,0,369.9,archivo/2026/08/2026-08-16/2350,31974670227
2026-08-17,0000,2026-08-17T00:00:20+02:00,2026-08-16T22:00:20+00:00,v3.10,completo,schedule,15,0,0,1,0,1134.5,archivo/2026/08/2026-08-17/0000,31975102542
2026-08-17,0101,2026-08-17T01:01:59+02:00,2026-08-16T23:01:59+00:00,v3.10,ligero,schedule,15,0,0,1,0,329.4,archivo/2026/08/2026-08-17/0101,31977964983
2026-08-17,0200,2026-08-17T02:00:54+02:00,2026-08-17T00:00:54+00:00,v3.10,ligero,schedule,15,0,0,1,0,329.7,archivo/2026/08/2026-08-17/0200,31980724669
2026-08-17,0250,2026-08-17T02:50:50+02:00,2026-08-17T00:50:50+00:00,v3.10,ligero,workflow_dispatch,17,0,0,0,1,346.2,archivo/2026/08/2026-08-17/0250,31983184745
2026-08-17,0534,2026-08-17T05:34:52+02:00,2026-08-17T03:34:52+00:00,v3.10,ligero,schedule,18,0,0,0,0,348.9,archivo/2026/08/2026-08-17/0534,31991589009
2026-08-17,0550,2026-08-17T05:50:49+02:00,2026-08-17T03:50:49+00:00,v3.10,ligero,workflow_dispatch,15,0,0,1,0,333.3,archivo/2026/08/2026-08-17/0550,31992437704
2026-08-17,0723,2026-08-17T07:23:06+02:00,2026-08-17T05:23:06+00:00,v3.10,ligero,schedule,15,0,0,1,0,333.7,archivo/2026/08/2026-08-17/0723,31997693010
2026-08-17,0850,2026-08-17T08:50:54+02:00,2026-08-17T06:50:54+00:00,v3.10,ligero,workflow_dispatch,18,0,0,0,0,350.1,archivo/2026/08/2026-08-17/0850,32003264946
2026-08-17,1005,2026-08-17T10:05:31+02:00,2026-08-17T08:05:31+00:00,v3.10,ligero,schedule,15,0,0,1,0,335.1,archivo/2026/08/2026-08-17/1005,32008684383
2026-08-17,1150,2026-08-17T11:50:51+02:00,2026-08-17T09:50:51+00:00,v3.10,ligero,workflow_dispatch,17,0,0,0,1,350.9,archivo/2026/08/2026-08-17/1150,32017234053
2026-08-17,1216,2026-08-17T12:16:56+02:00,2026-08-17T10:16:56+00:00,v3.10,ligero,schedule,18,0,0,0,0,352.5,archivo/2026/08/2026-08-17/1216,32019396754
2026-08-17,1349,2026-08-17T13:49:55+02:00,2026-08-17T11:49:55+00:00,v3.10,ligero,schedule,15,0,0,1,0,345.2,archivo/2026/08/2026-08-17/1349,32026795082
2026-08-17,1450,2026-08-17T14:50:56+02:00,2026-08-17T12:50:56+00:00,v3.10,ligero,workflow_dispatch,18,0,0,0,0,370.6,archivo/2026/08/2026-08-17/1450,32031879309
2026-08-17,1603,2026-08-17T16:03:59+02:00,2026-08-17T14:03:59+00:00,v3.10,ligero,schedule,15,0,0,1,0,357.2,archivo/2026/08/2026-08-17/1603,32037688167
2026-08-17,1747,2026-08-17T17:47:37+02:00,2026-08-17T15:47:37+00:00,v3.10,ligero,schedule,18,0,0,0,0,385.7,archivo/2026/08/2026-08-17/1747,32043367296
2026-08-17,1958,2026-08-17T19:58:13+02:00,2026-08-17T17:58:13+00:00,v3.10,ligero,schedule,14,0,1,1,0,367.6,archivo/2026/08/2026-08-17/1958,32052665104
2026-08-17,2050,2026-08-17T20:50:52+02:00,2026-08-17T18:50:52+00:00,v3.10,ligero,workflow_dispatch,18,0,0,0,0,388.5,archivo/2026/08/2026-08-17/2050,32057001451
2026-08-17,2151,2026-08-17T21:51:26+02:00,2026-08-17T19:51:26+00:00,v3.10,ligero,schedule,15,0,0,1,0,374.5,archivo/2026/08/2026-08-17/2151,32062612498
2026-08-17,2349,2026-08-17T23:49:01+02:00,2026-08-17T21:49:01+00:00,v3.10,ligero,schedule,18,0,0,0,0,392.6,archivo/2026/08/2026-08-17/2349,32073001859
2026-08-18,0141,2026-08-18T01:41:57+02:00,2026-08-17T23:41:57+00:00,v3.10,completo,schedule,15,0,0,1,0,1164.9,archivo/2026/08/2026-08-18/0141,32081507794
2026-08-18,0250,2026-08-18T02:50:51+02:00,2026-08-18T00:50:51+00:00,v3.10,ligero,workflow_dispatch,18,0,0,0,0,344.7,archivo/2026/08/2026-08-18/0250,32086024464
2026-08-18,0507,2026-08-18T05:07:34+02:00,2026-08-18T03:07:34+00:00,v3.10,ligero,schedule,15,0,0,1,0,328.9,archivo/2026/08/2026-08-18/0507,32094314078
2026-08-18,0550,2026-08-18T05:50:50+02:00,2026-08-18T03:50:50+00:00,v3.10,ligero,workflow_dispatch,18,0,0,0,0,344.9,archivo/2026/08/2026-08-18/0550,32096923002
2026-08-18,0706,2026-08-18T07:06:10+02:00,2026-08-18T05:06:10+00:00,v3.10,ligero,schedule,15,0,0,1,0,333.7,archivo/2026/08/2026-08-18/0706,32101564072
2026-08-18,0850,2026-08-18T08:50:52+02:00,2026-08-18T06:50:52+00:00,v3.10,ligero,workflow_dispatch,18,0,0,0,0,350.2,archivo/2026/08/2026-08-18/0850,32108665507
2026-08-18,0956,2026-08-18T09:56:39+02:00,2026-08-18T07:56:39+00:00,v3.10,ligero,schedule,15,0,0,1,0,334.9,archivo/2026/08/2026-08-18/0956,32113842912
2026-08-18,1150,2026-08-18T11:50:58+02:00,2026-08-18T09:50:58+00:00,v3.10,ligero,workflow_dispatch,18,0,0,0,0,352.5,archivo/2026/08/2026-08-18/1150,32123700175
2026-08-18,1201,2026-08-18T12:01:31+02:00,2026-08-18T10:01:31+00:00,v3.10,ligero,schedule,15,0,0,1,0,337.0,archivo/2026/08/2026-08-18/1201,32124620119
2026-08-18,1351,2026-08-18T13:51:53+02:00,2026-08-18T11:51:53+00:00,v3.10,ligero,schedule,15,0,0,1,0,344.3,archivo/2026/08/2026-08-18/1351,32133820229
2026-08-18,1450,2026-08-18T14:50:53+02:00,2026-08-18T12:50:53+00:00,v3.10,ligero,workflow_dispatch,18,0,0,0,0,370.2,archivo/2026/08/2026-08-18/1450,32138982178
2026-08-18,1618,2026-08-18T16:18:01+02:00,2026-08-18T14:18:01+00:00,v3.10,ligero,schedule,15,0,0,1,0,359.5,archivo/2026/08/2026-08-18/1618,32147444298
2026-08-18,1750,2026-08-18T17:50:53+02:00,2026-08-18T15:50:53+00:00,v3.10,ligero,workflow_dispatch,18,0,0,0,0,385.8,archivo/2026/08/2026-08-18/1750,32156882440
2026-08-18,1800,2026-08-18T18:00:13+02:00,2026-08-18T16:00:13+00:00,v3.10,ligero,schedule,15,0,0,1,0,371.0,archivo/2026/08/2026-08-18/1800,32157800173
2026-08-18,1956,2026-08-18T19:56:52+02:00,2026-08-18T17:56:52+00:00,v3.10,ligero,schedule,15,0,0,1,0,371.7,archivo/2026/08/2026-08-18/1956,32168287229
2026-08-18,2051,2026-08-18T20:51:01+02:00,2026-08-18T18:51:01+00:00,v3.10,ligero,workflow_dispatch,18,0,0,0,0,387.8,archivo/2026/08/2026-08-18/2051,32173252571
2026-08-18,2146,2026-08-18T21:46:52+02:00,2026-08-18T19:46:52+00:00,v3.10,ligero,schedule,15,0,0,1,0,373.8,archivo/2026/08/2026-08-18/2146,32178513706
2026-08-18,2342,2026-08-18T23:42:47+02:00,2026-08-18T21:42:47+00:00,v3.10,ligero,schedule,18,0,0,0,0,392.5,archivo/2026/08/2026-08-18/2342,32189111188
2026-08-18,2350,2026-08-18T23:50:51+02:00,2026-08-18T21:50:51+00:00,v3.10,ligero,workflow_dispatch,15,0,0,1,0,376.4,archivo/2026/08/2026-08-18/2350,32189797582
2026-08-19,0052,2026-08-19T00:52:19+02:00,2026-08-18T22:52:19+00:00,v3.10,completo,schedule,15,0,0,1,0,1163.4,archivo/2026/08/2026-08-19/0052,32194650151
2026-08-19,0250,2026-08-19T02:50:56+02:00,2026-08-19T00:50:56+00:00,v3.10,ligero,workflow_dispatch,18,0,0,0,0,347.5,archivo/2026/08/2026-08-19/0250,32202755712
2026-08-19,0511,2026-08-19T05:11:43+02:00,2026-08-19T03:11:43+00:00,v3.10,ligero,schedule,15,0,0,1,0,332.0,archivo/2026/08/2026-08-19/0511,32211236489
2026-08-19,0550,2026-08-19T05:50:51+02:00,2026-08-19T03:50:51+00:00,v3.10,ligero,workflow_dispatch,18,0,0,0,0,348.0,archivo/2026/08/2026-08-19/0550,32213570058
2026-08-19,0707,2026-08-19T07:07:28+02:00,2026-08-19T05:07:28+00:00,v3.10,ligero,schedule,15,0,0,1,0,333.7,archivo/2026/08/2026-08-19/0707,32218223216
2026-08-19,0850,2026-08-19T08:50:53+02:00,2026-08-19T06:50:53+00:00,v3.10,ligero,workflow_dispatch,18,0,0,0,0,350.4,archivo/2026/08/2026-08-19/0850,32225120483
2026-08-19,0957,2026-08-19T09:57:02+02:00,2026-08-19T07:57:02+00:00,v3.10,ligero,schedule,15,0,0,1,0,335.2,archivo/2026/08/2026-08-19/0957,32230189438
2026-08-19,1150,2026-08-19T11:50:54+02:00,2026-08-19T09:50:54+00:00,v3.10,ligero,workflow_dispatch,18,0,0,0,0,352.8,archivo/2026/08/2026-08-19/1150,32239664326
2026-08-19,1202,2026-08-19T12:02:24+02:00,2026-08-19T10:02:24+00:00,v3.10,ligero,schedule,15,0,0,1,0,336.8,archivo/2026/08/2026-08-19/1202,32240640890
2026-08-19,1349,2026-08-19T13:49:44+02:00,2026-08-19T11:49:44+00:00,v3.10,ligero,schedule,15,0,0,1,0,344.4,archivo/2026/08/2026-08-19/1349,32249490258
2026-08-19,1450,2026-08-19T14:50:57+02:00,2026-08-19T12:50:57+00:00,v3.10,ligero,workflow_dispatch,18,0,0,0,0,370.6,archivo/2026/08/2026-08-19/1450,32254774926
2026-08-19,1619,2026-08-19T16:19:04+02:00,2026-08-19T14:19:04+00:00,v3.10,ligero,schedule,15,0,0,1,0,359.6,archivo/2026/08/2026-08-19/1619,32263253167
2026-08-19,1750,2026-08-19T17:50:58+02:00,2026-08-19T15:50:58+00:00,v3.10,ligero,workflow_dispatch,18,0,0,0,0,385.7,archivo/2026/08/2026-08-19/1750,32272443653
2026-08-19,1801,2026-08-19T18:01:10+02:00,2026-08-19T16:01:10+00:00,v3.10,ligero,schedule,15,0,0,1,0,371.0,archivo/2026/08/2026-08-19/1801,32273412944
2026-08-19,1949,2026-08-19T19:49:57+02:00,2026-08-19T17:49:57+00:00,v3.10,ligero,schedule,15,0,0,1,0,371.9,archivo/2026/08/2026-08-19/1949,32283838139
2026-08-19,2050,2026-08-19T20:50:59+02:00,2026-08-19T18:50:59+00:00,v3.10,ligero,workflow_dispatch,18,0,0,0,0,388.5,archivo/2026/08/2026-08-19/2050,32289631519
2026-08-19,2147,2026-08-19T21:47:26+02:00,2026-08-19T19:47:26+00:00,v3.10,ligero,schedule,15,0,0,1,0,374.5,archivo/2026/08/2026-08-19/2147,32294924990
2026-08-19,2350,2026-08-19T23:50:27+02:00,2026-08-19T21:50:27+00:00,v3.10,ligero,schedule,18,0,0,0,0,393.4,archivo/2026/08/2026-08-19/2350,32305878159
2026-08-20,0142,2026-08-20T01:42:06+02:00,2026-08-19T23:42:06+00:00,v3.10,completo,schedule,15,0,0,1,0,1161.4,archivo/2026/08/2026-08-20/0142,32314328811
2026-08-20,0250,2026-08-20T02:50:42+02:00,2026-08-20T00:50:42+00:00,v3.10,ligero,workflow_dispatch,18,0,0,0,0,348.6,archivo/2026/08/2026-08-20/0250,32318814594
2026-08-20,0509,2026-08-20T05:09:54+02:00,2026-08-20T03:09:54+00:00,v3.10,ligero,schedule,15,0,0,1,0,332.8,archivo/2026/08/2026-08-20/0509,32327229801
2026-08-20,0550,2026-08-20T05:50:46+02:00,2026-08-20T03:50:46+00:00,v3.10,ligero,workflow_dispatch,18,0,0,0,0,350.1,archivo/2026/08/2026-08-20/0550,32329671973
2026-08-20,0716,2026-08-20T07:16:17+02:00,2026-08-20T05:16:17+00:00,v3.10,ligero,schedule,15,0,0,1,0,334.4,archivo/2026/08/2026-08-20/0716,32334950069
2026-08-20,0850,2026-08-20T08:50:56+02:00,2026-08-20T06:50:56+00:00,v3.10,ligero,workflow_dispatch,18,0,0,0,0,351.8,archivo/2026/08/2026-08-20/0850,32341290890
2026-08-20,1000,2026-08-20T10:00:55+02:00,2026-08-20T08:00:55+00:00,v3.10,ligero,schedule,15,0,0,1,0,335.7,archivo/2026/08/2026-08-20/1000,32346688170
2026-08-20,1150,2026-08-20T11:50:50+02:00,2026-08-20T09:50:50+00:00,v3.10,ligero,workflow_dispatch,18,0,0,0,0,353.6,archivo/2026/08/2026-08-20/1150,32355925821
2026-08-20,1204,2026-08-20T12:04:40+02:00,2026-08-20T10:04:40+00:00,v3.10,ligero,schedule,15,0,0,1,0,337.7,archivo/2026/08/2026-08-20/1204,32357090484
2026-08-20,1355,2026-08-20T13:55:17+02:00,2026-08-20T11:55:17+00:00,v3.10,ligero,schedule,15,0,0,1,0,345.5,archivo/2026/08/2026-08-20/1355,32366147535
2026-08-20,1450,2026-08-20T14:50:45+02:00,2026-08-20T12:50:45+00:00,v3.10,ligero,workflow_dispatch,18,0,0,0,0,371.3,archivo/2026/08/2026-08-20/1450,32370943503
2026-08-20,1622,2026-08-20T16:22:32+02:00,2026-08-20T14:22:32+00:00,v3.10,ligero,schedule,15,0,0,1,0,360.5,archivo/2026/08/2026-08-20/1622,32379720371
2026-08-20,1750,2026-08-20T17:50:45+02:00,2026-08-20T15:50:45+00:00,v3.10,ligero,workflow_dispatch,18,0,0,0,0,386.3,archivo/2026/08/2026-08-20/1750,32388522342
2026-08-20,1802,2026-08-20T18:02:58+02:00,2026-08-20T16:02:58+00:00,v3.10,ligero,schedule,15,0,0,1,0,371.6,archivo/2026/08/2026-08-20/1802,32389722089
2026-08-20,1959,2026-08-20T19:59:51+02:00,2026-08-20T17:59:51+00:00,v3.10,ligero,schedule,15,0,0,1,0,372.6,archivo/2026/08/2026-08-20/1959,32400682560
2026-08-20,2050,2026-08-20T20:50:50+02:00,2026-08-20T18:50:50+00:00,v3.10,ligero,workflow_dispatch,18,0,0,0,0,389.4,archivo/2026/08/2026-08-20/2050,32405395404
2026-08-20,2158,2026-08-20T21:58:24+02:00,2026-08-20T19:58:24+00:00,v3.10,ligero,schedule,14,0,1,1,0,370.1,archivo/2026/08/2026-08-20/2158,32411523189
2026-08-20,2350,2026-08-20T23:50:54+02:00,2026-08-20T21:50:54+00:00,v3.10,ligero,workflow_dispatch,18,0,0,0,0,393.3,archivo/2026/08/2026-08-20/2350,32421403103
2026-08-21,0149,2026-08-21T01:49:40+02:00,2026-08-20T23:49:40+00:00,v3.10,completo,schedule,15,0,0,1,0,1166.7,archivo/2026/08/2026-08-21/0149,32430224684
2026-08-21,0250,2026-08-21T02:50:46+02:00,2026-08-21T00:50:46+00:00,v3.10,ligero,workflow_dispatch,18,0,0,0,0,344.9,archivo/2026/08/2026-08-21/0250,32434153137
2026-08-21,0537,2026-08-21T05:37:19+02:00,2026-08-21T03:37:19+00:00,v3.10,ligero,schedule,18,0,0,0,0,345.9,archivo/2026/08/2026-08-21/0537,32444013668
2026-08-21,0550,2026-08-21T05:50:50+02:00,2026-08-21T03:50:50+00:00,v3.10,ligero,workflow_dispatch,15,0,0,1,0,330.0,archivo/2026/08/2026-08-21/0550,32444800206
2026-08-21,0718,2026-08-21T07:18:54+02:00,2026-08-21T05:18:54+00:00,v3.10,ligero,schedule,15,0,0,1,0,330.8,archivo/2026/08/2026-08-21/0718,32450074467
2026-08-21,0850,2026-08-21T08:50:48+02:00,2026-08-21T06:50:48+00:00,v3.10,ligero,workflow_dispatch,18,0,0,0,0,350.7,archivo/2026/08/2026-08-21/0850,32456037329
2026-08-21,1001,2026-08-21T10:01:30+02:00,2026-08-21T08:01:30+00:00,v3.10,ligero,schedule,15,0,0,1,0,335.2,archivo/2026/08/2026-08-21/1001,32461232453
2026-08-21,1150,2026-08-21T11:50:51+02:00,2026-08-21T09:50:51+00:00,v3.10,ligero,workflow_dispatch,18,0,0,0,0,352.8,archivo/2026/08/2026-08-21/1150,32469799784
2026-08-21,1204,2026-08-21T12:04:44+02:00,2026-08-21T10:04:44+00:00,v3.10,ligero,schedule,15,0,0,1,0,337.0,archivo/2026/08/2026-08-21/1204,32470916567
2026-08-21,1354,2026-08-21T13:54:49+02:00,2026-08-21T11:54:49+00:00,v3.10,ligero,schedule,15,0,0,1,0,344.0,archivo/2026/08/2026-08-21/1354,32479357510
2026-08-21,1450,2026-08-21T14:50:48+02:00,2026-08-21T12:50:48+00:00,v3.10,ligero,workflow_dispatch,18,0,0,0,0,369.7,archivo/2026/08/2026-08-21/1450,32483823073
2026-08-21,1620,2026-08-21T16:20:42+02:00,2026-08-21T14:20:42+00:00,v3.10,ligero,schedule,15,0,0,1,0,358.8,archivo/2026/08/2026-08-21/1620,32491606787
2026-08-21,1750,2026-08-21T17:50:51+02:00,2026-08-21T15:50:51+00:00,v3.10,ligero,workflow_dispatch,18,0,0,0,0,385.0,archivo/2026/08/2026-08-21/1750,32499778175
2026-08-21,1802,2026-08-21T18:02:21+02:00,2026-08-21T16:02:21+00:00,v3.10,ligero,schedule,15,0,0,1,0,370.0,archivo/2026/08/2026-08-21/1802,32500802049
2026-08-21,1959,2026-08-21T19:59:52+02:00,2026-08-21T17:59:52+00:00,v3.10,ligero,schedule,15,0,0,1,0,371.5,archivo/2026/08/2026-08-21/1959,32511020026
2026-08-21,2050,2026-08-21T20:50:54+02:00,2026-08-21T18:50:54+00:00,v3.10,ligero,workflow_dispatch,18,0,0,0,0,388.1,archivo/2026/08/2026-08-21/2050,32515391073
2026-08-21,2143,2026-08-21T21:43:39+02:00,2026-08-21T19:43:39+00:00,v3.10,ligero,schedule,15,0,0,1,0,372.3,archivo/2026/08/2026-08-21/2143,32519913989
2026-08-21,2250,2026-08-21T22:50:38+02:00,2026-08-21T20:50:38+00:00,v3.10,ligero,schedule,15,0,0,1,0,374.2,archivo/2026/08/2026-08-21/2250,32525566521
2026-08-21,2350,2026-08-21T23:50:52+02:00,2026-08-21T21:50:52+00:00,v3.10,ligero,workflow_dispatch,18,0,0,0,0,392.2,archivo/2026/08/2026-08-21/2350,32530353202
2026-08-22,0051,2026-08-22T00:51:09+02:00,2026-08-21T22:51:09+00:00,v3.10,completo,schedule,15,0,0,1,0,1156.8,archivo/2026/08/2026-08-22/0051,32534629344
2026-08-22,0250,2026-08-22T02:50:46+02:00,2026-08-22T00:50:46+00:00,v3.10,ligero,workflow_dispatch,18,0,0,0,0,343.5,archivo/2026/08/2026-08-22/0250,32541616736
2026-08-22,0443,2026-08-22T04:43:12+02:00,2026-08-22T02:43:12+00:00,v3.10,ligero,schedule,15,0,0,1,0,330.6,archivo/2026/08/2026-08-22/0443,32547004965
2026-08-22,0550,2026-08-22T05:50:47+02:00,2026-08-22T03:50:47+00:00,v3.10,ligero,workflow_dispatch,18,0,0,0,0,346.6,archivo/2026/08/2026-08-22/0550,32550074986
2026-08-22,0617,2026-08-22T06:17:49+02:00,2026-08-22T04:17:49+00:00,v3.10,ligero,schedule,15,0,0,1,0,332.2,archivo/2026/08/2026-08-22/0617,32551308085
2026-08-22,0756,2026-08-22T07:56:05+02:00,2026-08-22T05:56:05+00:00,v3.10,ligero,schedule,15,0,0,1,0,333.1,archivo/2026/08/2026-08-22/0756,32555613942
2026-08-22,0850,2026-08-22T08:50:51+02:00,2026-08-22T06:50:51+00:00,v3.10,ligero,workflow_dispatch,18,0,0,0,0,349.3,archivo/2026/08/2026-08-22/0850,32558008102
2026-08-22,0956,2026-08-22T09:56:40+02:00,2026-08-22T07:56:40+00:00,v3.10,ligero,schedule,15,0,0,1,0,334.1,archivo/2026/08/2026-08-22/0956,32560943491
2026-08-22,1150,2026-08-22T11:50:51+02:00,2026-08-22T09:50:51+00:00,v3.10,ligero,workflow_dispatch,18,0,0,0,0,351.5,archivo/2026/08/2026-08-22/1150,32566018230
2026-08-22,1340,2026-08-22T13:40:11+02:00,2026-08-22T11:40:11+00:00,v3.10,ligero,schedule,15,0,0,1,0,343.6,archivo/2026/08/2026-08-22/1340,32570889261
2026-08-22,1450,2026-08-22T14:50:49+02:00,2026-08-22T12:50:49+00:00,v3.10,ligero,workflow_dispatch,18,0,0,0,0,359.3,archivo/2026/08/2026-08-22/1450,32574082941
2026-08-22,1521,2026-08-22T15:21:16+02:00,2026-08-22T13:21:16+00:00,v3.10,ligero,schedule,15,0,0,1,0,352.8,archivo/2026/08/2026-08-22/1521,32575511682
2026-08-22,1643,2026-08-22T16:43:09+02:00,2026-08-22T14:43:09+00:00,v3.10,ligero,schedule,15,0,0,1,0,358.7,archivo/2026/08/2026-08-22/1643,32579511662
2026-08-22,1741,2026-08-22T17:41:02+02:00,2026-08-22T15:41:02+00:00,v3.10,ligero,schedule,18,0,0,0,0,378.9,archivo/2026/08/2026-08-22/1741,32582414495
2026-08-22,1750,2026-08-22T17:50:58+02:00,2026-08-22T15:50:58+00:00,v3.10,ligero,workflow_dispatch,15,0,0,1,0,363.1,archivo/2026/08/2026-08-22/1750,32582909667
2026-08-22,1801,2026-08-22T18:01:11+02:00,2026-08-22T16:01:11+00:00,v3.10,ligero,schedule,15,0,0,1,0,364.7,archivo/2026/08/2026-08-22/1801,32583428253
2026-08-22,1941,2026-08-22T19:41:05+02:00,2026-08-22T17:41:05+00:00,v3.10,ligero,schedule,15,0,0,1,0,365.6,archivo/2026/08/2026-08-22/1941,32588456867
2026-08-22,2001,2026-08-22T20:01:43+02:00,2026-08-22T18:01:43+00:00,v3.10,ligero,schedule,15,0,0,1,0,365.9,archivo/2026/08/2026-08-22/2001,32589496200
2026-08-22,2050,2026-08-22T20:50:52+02:00,2026-08-22T18:50:52+00:00,v3.10,ligero,workflow_dispatch,18,0,0,0,0,382.1,archivo/2026/08/2026-08-22/2050,32591933553
2026-08-22,2141,2026-08-22T21:41:38+02:00,2026-08-22T19:41:38+00:00,v3.10,ligero,schedule,15,0,0,1,0,366.7,archivo/2026/08/2026-08-22/2141,32594448121
2026-08-22,2201,2026-08-22T22:01:39+02:00,2026-08-22T20:01:39+00:00,v3.10,ligero,schedule,15,0,0,1,0,367.9,archivo/2026/08/2026-08-22/2201,32595450048
2026-08-22,2341,2026-08-22T23:41:18+02:00,2026-08-22T21:41:18+00:00,v3.10,ligero,schedule,18,0,0,0,0,386.6,archivo/2026/08/2026-08-22/2341,32600295572
2026-08-22,2350,2026-08-22T23:50:50+02:00,2026-08-22T21:50:50+00:00,v3.10,ligero,workflow_dispatch,15,0,0,1,0,370.8,archivo/2026/08/2026-08-22/2350,32600746371
2026-08-23,0001,2026-08-23T00:01:55+02:00,2026-08-22T22:01:55+00:00,v3.10,completo,schedule,15,0,0,1,0,1120.8,archivo/2026/08/2026-08-23/0001,32601279552
2026-08-23,0139,2026-08-23T01:39:33+02:00,2026-08-22T23:39:33+00:00,v3.10,ligero,schedule,15,0,0,1,0,325.0,archivo/2026/08/2026-08-23/0139,32605795333
2026-08-23,0201,2026-08-23T02:01:46+02:00,2026-08-23T00:01:46+00:00,v3.10,ligero,schedule,15,0,0,1,0,325.0,archivo/2026/08/2026-08-23/0201,32606782089
2026-08-23,0250,2026-08-23T02:50:50+02:00,2026-08-23T00:50:50+00:00,v3.10,ligero,workflow_dispatch,18,0,0,0,0,342.7,archivo/2026/08/2026-08-23/0250,32608882079
2026-08-23,0537,2026-08-23T05:37:14+02:00,2026-08-23T03:37:14+00:00,v3.10,ligero,schedule,18,0,0,0,0,343.8,archivo/2026/08/2026-08-23/0537,32615793497
2026-08-23,0550,2026-08-23T05:50:50+02:00,2026-08-23T03:50:50+00:00,v3.10,ligero,workflow_dispatch,15,0,0,1,0,328.2,archivo/2026/08/2026-08-23/0550,32616353526
2026-08-23,0706,2026-08-23T07:06:38+02:00,2026-08-23T05:06:38+00:00,v3.10,ligero,schedule,15,0,0,1,0,328.6,archivo/2026/08/2026-08-23/0706,32619515355
2026-08-23,0850,2026-08-23T08:50:55+02:00,2026-08-23T06:50:55+00:00,v3.10,ligero,workflow_dispatch,18,0,0,0,0,348.4,archivo/2026/08/2026-08-23/0850,32623976911
2026-08-23,0922,2026-08-23T09:22:27+02:00,2026-08-23T07:22:27+00:00,v3.10,ligero,schedule,15,0,0,1,0,332.7,archivo/2026/08/2026-08-23/0922,32625379766
2026-08-23,1101,2026-08-23T11:01:04+02:00,2026-08-23T09:01:04+00:00,v3.10,ligero,schedule,15,0,0,1,0,334.3,archivo/2026/08/2026-08-23/1101,32629812957
2026-08-23,1150,2026-08-23T11:50:52+02:00,2026-08-23T09:50:52+00:00,v3.10,ligero,workflow_dispatch,18,0,0,0,0,350.5,archivo/2026/08/2026-08-23/1150,32632114434
2026-08-23,1248,2026-08-23T12:48:29+02:00,2026-08-23T10:48:29+00:00,v3.10,ligero,schedule,15,0,0,1,0,334.9,archivo/2026/08/2026-08-23/1248,32634747305
2026-08-23,1450,2026-08-23T14:50:52+02:00,2026-08-23T12:50:52+00:00,v3.10,ligero,workflow_dispatch,18,0,0,0,0,368.5,archivo/2026/08/2026-08-23/1450,32640553708
2026-08-23,1522,2026-08-23T15:22:16+02:00,2026-08-23T13:22:16+00:00,v3.10,ligero,schedule,15,0,0,1,0,352.5,archivo/2026/08/2026-08-23/1522,32642122690
2026-08-23,1645,2026-08-23T16:45:47+02:00,2026-08-23T14:45:47+00:00,v3.10,ligero,schedule,15,0,0,1,0,358.2,archivo/2026/08/2026-08-23/1645,32646407559
2026-08-23,1750,2026-08-23T17:50:54+02:00,2026-08-23T15:50:54+00:00,v3.10,ligero,workflow_dispatch,18,0,0,0,0,378.8,archivo/2026/08/2026-08-23/1750,32649809859
2026-08-23,1853,2026-08-23T18:53:31+02:00,2026-08-23T16:53:31+00:00,v3.10,ligero,schedule,15,0,0,1,0,364.7,archivo/2026/08/2026-08-23/1853,32653068229
2026-08-23,2001,2026-08-23T20:01:51+02:00,2026-08-23T18:01:51+00:00,v3.10,ligero,schedule,15,0,0,1,0,365.5,archivo/2026/08/2026-08-23/2001,32656713227
2026-08-23,2050,2026-08-23T20:50:53+02:00,2026-08-23T18:50:53+00:00,v3.10,ligero,workflow_dispatch,18,0,0,0,0,381.9,archivo/2026/08/2026-08-23/2050,32659321101
2026-08-23,2140,2026-08-23T21:40:36+02:00,2026-08-23T19:40:36+00:00,v3.10,ligero,schedule,15,0,0,1,0,366.2,archivo/2026/08/2026-08-23/2140,32661973908
2026-08-23,2201,2026-08-23T22:01:15+02:00,2026-08-23T20:01:15+00:00,v3.10,ligero,schedule,15,0,0,1,0,367.7,archivo/2026/08/2026-08-23/2201,32663072623
2026-08-23,2340,2026-08-23T23:40:53+02:00,2026-08-23T21:40:53+00:00,v3.10,ligero,schedule,18,0,0,0,0,384.2,archivo/2026/08/2026-08-23/2340,32668241352
2026-08-23,2350,2026-08-23T23:50:59+02:00,2026-08-23T21:50:59+00:00,v3.10,ligero,workflow_dispatch,15,0,0,1,0,368.4,archivo/2026/08/2026-08-23/2350,32668742260
2026-08-24,0001,2026-08-24T00:01:29+02:00,2026-08-23T22:01:29+00:00,v3.10,completo,schedule,15,0,0,1,0,1122.4,archivo/2026/08/2026-08-24/0001,32669286979
2026-08-24,0140,2026-08-24T01:40:10+02:00,2026-08-23T23:40:10+00:00,v3.10,ligero,schedule,15,0,0,1,0,329.7,archivo/2026/08/2026-08-24/0140,32674274428
2026-08-24,0201,2026-08-24T02:01:37+02:00,2026-08-24T00:01:37+00:00,v3.10,ligero,schedule,15,0,0,1,0,329.9,archivo/2026/08/2026-08-24/0201,32675334970
2026-08-24,0250,2026-08-24T02:50:52+02:00,2026-08-24T00:50:52+00:00,v3.10,ligero,workflow_dispatch,18,0,0,0,0,347.7,archivo/2026/08/2026-08-24/0250,32677908025
2026-08-24,0540,2026-08-24T05:40:22+02:00,2026-08-24T03:40:22+00:00,v3.10,ligero,schedule,18,0,0,0,0,348.0,archivo/2026/08/2026-08-24/0540,32687244893
2026-08-24,0550,2026-08-24T05:50:53+02:00,2026-08-24T03:50:53+00:00,v3.10,ligero,workflow_dispatch,15,0,0,1,0,332.4,archivo/2026/08/2026-08-24/0550,32687847316
2026-08-24,0755,2026-08-24T07:55:55+02:00,2026-08-24T05:55:55+00:00,v3.10,ligero,schedule,15,0,0,1,0,334.2,archivo/2026/08/2026-08-24/0755,32695266893
2026-08-24,0850,2026-08-24T08:50:52+02:00,2026-08-24T06:50:52+00:00,v3.10,ligero,workflow_dispatch,18,0,0,0,0,350.5,archivo/2026/08/2026-08-24/0850,32698961902
2026-08-24,1129,2026-08-24T11:29:30+02:00,2026-08-24T09:29:30+00:00,v3.10,ligero,schedule,18,0,0,0,0,352.5,archivo/2026/08/2026-08-24/1129,32711796882
2026-08-24,1150,2026-08-24T11:50:56+02:00,2026-08-24T09:50:56+00:00,v3.10,ligero,workflow_dispatch,15,0,0,1,0,336.8,archivo/2026/08/2026-08-24/1150,32713678137
2026-08-24,1306,2026-08-24T13:06:08+02:00,2026-08-24T11:06:08+00:00,v3.10,ligero,schedule,15,0,0,1,0,343.4,archivo/2026/08/2026-08-24/1306,32720083825
2026-08-24,1450,2026-08-24T14:50:53+02:00,2026-08-24T12:50:53+00:00,v3.10,ligero,workflow_dispatch,18,0,0,0,0,370.7,archivo/2026/08/2026-08-24/1450,32729263673
2026-08-24,1609,2026-08-24T16:09:56+02:00,2026-08-24T14:09:56+00:00,v3.10,ligero,schedule,15,0,0,1,0,360.1,archivo/2026/08/2026-08-24/1609,32736970392
2026-08-24,1751,2026-08-24T17:51:01+02:00,2026-08-24T15:51:01+00:00,v3.10,ligero,workflow_dispatch,18,0,0,0,0,381.5,archivo/2026/08/2026-08-24/1751,32747309106
2026-08-24,1817,2026-08-24T18:17:56+02:00,2026-08-24T16:17:56+00:00,v3.10,ligero,schedule,15,0,0,1,0,367.0,archivo/2026/08/2026-08-24/1817,32749973996
2026-08-24,2001,2026-08-24T20:01:48+02:00,2026-08-24T18:01:48+00:00,v3.10,ligero,schedule,15,0,0,1,0,368.0,archivo/2026/08/2026-08-24/2001,32760009799
2026-08-24,2050,2026-08-24T20:50:57+02:00,2026-08-24T18:50:57+00:00,v3.10,ligero,workflow_dispatch,18,0,0,0,0,384.4,archivo/2026/08/2026-08-24/2050,32764691799
2026-08-24,2157,2026-08-24T21:57:52+02:00,2026-08-24T19:57:52+00:00,v3.10,ligero,schedule,15,0,0,1,0,370.0,archivo/2026/08/2026-08-24/2157,32771142610
2026-08-24,2350,2026-08-24T23:50:52+02:00,2026-08-24T21:50:52+00:00,v3.10,ligero,workflow_dispatch,18,0,0,0,0,386.3,archivo/2026/08/2026-08-24/2350,32781625181
2026-08-24,2356,2026-08-24T23:56:01+02:00,2026-08-24T21:56:01+00:00,v3.10,ligero,schedule,15,0,0,1,0,370.7,archivo/2026/08/2026-08-24/2356,32782067410
2026-08-25,0141,2026-08-25T01:41:21+02:00,2026-08-24T23:41:21+00:00,v3.10,completo,schedule,15,0,0,1,0,1150.1,archivo/2026/08/2026-08-25/0141,32790428897
2026-08-25,0250,2026-08-25T02:50:52+02:00,2026-08-25T00:50:52+00:00,v3.10,ligero,workflow_dispatch,18,0,0,0,0,339.1,archivo/2026/08/2026-08-25/0250,32795218974
2026-08-25,0513,2026-08-25T05:13:54+02:00,2026-08-25T03:13:54+00:00,v3.10,ligero,schedule,15,0,0,1,0,324.2,archivo/2026/08/2026-08-25/0513,32804355606
2026-08-25,0550,2026-08-25T05:50:54+02:00,2026-08-25T03:50:54+00:00,v3.10,ligero,workflow_dispatch,18,0,0,0,0,340.3,archivo/2026/08/2026-08-25/0550,32806674462
2026-08-25,0719,2026-08-25T07:19:09+02:00,2026-08-25T05:19:09+00:00,v3.10,ligero,schedule,15,0,0,1,0,325.1,archivo/2026/08/2026-08-25/0719,32812341292
2026-08-25,0850,2026-08-25T08:50:55+02:00,2026-08-25T06:50:55+00:00,v3.10,ligero,workflow_dispatch,18,0,0,0,0,344.5,archivo/2026/08/2026-08-25/0850,32818747810
2026-08-25,1004,2026-08-25T10:04:06+02:00,2026-08-25T08:04:06+00:00,v3.10,ligero,schedule,15,0,0,1,0,331.7,archivo/2026/08/2026-08-25/1004,32824675961
2026-08-25,1150,2026-08-25T11:50:56+02:00,2026-08-25T09:50:56+00:00,v3.10,ligero,workflow_dispatch,18,0,0,0,0,352.6,archivo/2026/08/2026-08-25/1150,32834099330
2026-08-25,1204,2026-08-25T12:04:45+02:00,2026-08-25T10:04:45+00:00,v3.10,ligero,schedule,15,0,0,1,0,336.7,archivo/2026/08/2026-08-25/1204,32835316637
2026-08-25,1357,2026-08-25T13:57:56+02:00,2026-08-25T11:57:56+00:00,v3.10,ligero,schedule,15,0,0,1,0,344.7,archivo/2026/08/2026-08-25/1357,32844994296
2026-08-25,1450,2026-08-25T14:50:59+02:00,2026-08-25T12:50:59+00:00,v3.10,ligero,workflow_dispatch,18,0,0,0,0,370.1,archivo/2026/08/2026-08-25/1450,32849850429
2026-08-25,1726,2026-08-25T17:26:44+02:00,2026-08-25T15:26:44+00:00,v3.10,ligero,schedule,18,0,0,0,0,375.5,archivo/2026/08/2026-08-25/1726,32865753267
2026-08-25,1751,2026-08-25T17:51:02+02:00,2026-08-25T15:51:02+00:00,v3.10,ligero,workflow_dispatch,15,0,0,1,0,369.4,archivo/2026/08/2026-08-25/1751,32868286412
2026-08-25,1917,2026-08-25T19:17:53+02:00,2026-08-25T17:17:53+00:00,v3.10,ligero,schedule,15,0,0,1,0,371.3,archivo/2026/08/2026-08-25/1917,32876998383
2026-08-25,2050,2026-08-25T20:50:54+02:00,2026-08-25T18:50:54+00:00,v3.10,ligero,workflow_dispatch,18,0,0,0,0,388.0,archivo/2026/08/2026-08-25/2050,32886115203
2026-08-25,2119,2026-08-25T21:19:14+02:00,2026-08-25T19:19:14+00:00,v3.10,ligero,schedule,15,0,0,1,0,373.9,archivo/2026/08/2026-08-25/2119,32888865900
2026-08-25,2258,2026-08-25T22:58:35+02:00,2026-08-25T20:58:35+00:00,v3.10,ligero,schedule,15,0,0,1,0,374.6,archivo/2026/08/2026-08-25/2258,32898397462
2026-08-25,2350,2026-08-25T23:50:53+02:00,2026-08-25T21:50:53+00:00,v3.10,ligero,workflow_dispatch,18,0,0,0,0,392.7,archivo/2026/08/2026-08-25/2350,32903133885
2026-08-26,0058,2026-08-26T00:58:21+02:00,2026-08-25T22:58:21+00:00,v3.10,completo,schedule,15,0,0,1,0,1154.6,archivo/2026/08/2026-08-26/0058,32908619947
2026-08-26,0250,2026-08-26T02:50:50+02:00,2026-08-26T00:50:50+00:00,v3.10,ligero,workflow_dispatch,18,0,0,0,0,344.8,archivo/2026/08/2026-08-26/0250,32916675764
2026-08-26,0533,2026-08-26T05:33:52+02:00,2026-08-26T03:33:52+00:00,v3.10,ligero,schedule,18,0,0,0,0,346.0,archivo/2026/08/2026-08-26/0533,32926897789
2026-08-26,0550,2026-08-26T05:50:55+02:00,2026-08-26T03:50:55+00:00,v3.10,ligero,workflow_dispatch,15,0,0,1,0,330.6,archivo/2026/08/2026-08-26/0550,32927956434
2026-08-26,0718,2026-08-26T07:18:52+02:00,2026-08-26T05:18:52+00:00,v3.10,ligero,schedule,15,0,0,1,0,330.9,archivo/2026/08/2026-08-26/0718,32933550286
2026-08-26,0850,2026-08-26T08:50:54+02:00,2026-08-26T06:50:54+00:00,v3.10,ligero,workflow_dispatch,18,0,0,0,0,350.9,archivo/2026/08/2026-08-26/0850,32939927542
2026-08-26,1004,2026-08-26T10:04:57+02:00,2026-08-26T08:04:57+00:00,v3.10,ligero,schedule,15,0,0,1,0,335.7,archivo/2026/08/2026-08-26/1004,32945908676
2026-08-26,1150,2026-08-26T11:50:52+02:00,2026-08-26T09:50:52+00:00,v3.10,ligero,workflow_dispatch,18,0,0,0,0,353.0,archivo/2026/08/2026-08-26/1150,32955128063
2026-08-26,1220,2026-08-26T12:20:14+02:00,2026-08-26T10:20:14+00:00,v3.10,ligero,schedule,15,0,0,1,0,337.6,archivo/2026/08/2026-08-26/1220,32957696207
2026-08-26,1359,2026-08-26T13:59:46+02:00,2026-08-26T11:59:46+00:00,v3.10,ligero,schedule,15,0,0,1,0,344.5,archivo/2026/08/2026-08-26/1359,32966156247
2026-08-26,1450,2026-08-26T14:50:55+02:00,2026-08-26T12:50:55+00:00,v3.10,ligero,workflow_dispatch,18,0,0,0,0,371.1,archivo/2026/08/2026-08-26/1450,32970763543
2026-08-26,1753,2026-08-26T17:53:01+02:00,2026-08-26T15:53:01+00:00,v3.10,ligero,workflow_dispatch,18,0,0,0,0,387.3,archivo/2026/08/2026-08-26/1753,32986208844
2026-08-26,1837,2026-08-26T18:37:10+02:00,2026-08-26T16:37:10+00:00,v3.10,ligero,schedule,15,0,0,1,0,372.2,archivo/2026/08/2026-08-26/1837,32989361170
2026-08-26,2050,2026-08-26T20:50:54+02:00,2026-08-26T18:50:54+00:00,v3.10,ligero,workflow_dispatch,18,0,0,0,0,389.1,archivo/2026/08/2026-08-26/2050,33001912325
2026-08-26,2350,2026-08-26T23:50:56+02:00,2026-08-26T21:50:56+00:00,v3.10,ligero,workflow_dispatch,18,0,0,0,0,392.3,archivo/2026/08/2026-08-26/2350,33017192514
2026-08-27,0250,2026-08-27T02:50:46+02:00,2026-08-27T00:50:46+00:00,v3.10,completo,workflow_dispatch,18,0,0,0,0,1182.3,archivo/2026/08/2026-08-27/0250,33028164462
2026-08-27,0550,2026-08-27T05:50:51+02:00,2026-08-27T03:50:51+00:00,v3.10,ligero,workflow_dispatch,18,0,0,0,0,349.3,archivo/2026/08/2026-08-27/0550,33037567755
2026-08-27,0851,2026-08-27T08:51:01+02:00,2026-08-27T06:51:01+00:00,v3.10,ligero,workflow_dispatch,18,0,0,0,0,350.8,archivo/2026/08/2026-08-27/0851,33047345710
2026-08-27,1150,2026-08-27T11:50:54+02:00,2026-08-27T09:50:54+00:00,v3.10,ligero,workflow_dispatch,17,0,0,0,1,351.7,archivo/2026/08/2026-08-27/1150,33060387315
2026-08-27,1450,2026-08-27T14:50:57+02:00,2026-08-27T12:50:57+00:00,v3.10,ligero,workflow_dispatch,18,0,0,0,0,370.5,archivo/2026/08/2026-08-27/1450,33073806532
2026-08-27,1751,2026-08-27T17:51:01+02:00,2026-08-27T15:51:01+00:00,v3.10,ligero,workflow_dispatch,18,0,0,0,0,385.7,archivo/2026/08/2026-08-27/1751,33090040904
2026-08-27,2051,2026-08-27T20:51:00+02:00,2026-08-27T18:51:00+00:00,v3.10,ligero,workflow_dispatch,18,0,0,0,0,388.7,archivo/2026/08/2026-08-27/2051,33105485743
2026-08-27,2350,2026-08-27T23:50:54+02:00,2026-08-27T21:50:54+00:00,v3.10,ligero,workflow_dispatch,18,0,0,0,0,392.3,archivo/2026/08/2026-08-27/2350,33119970793
2026-08-28,0250,2026-08-28T02:50:57+02:00,2026-08-28T00:50:57+00:00,v3.10,completo,workflow_dispatch,18,0,0,0,0,1171.5,archivo/2026/08/2026-08-28/0250,33130985354
2026-08-28,0329,2026-08-28T03:29:42+02:00,2026-08-28T01:29:42+00:00,v3.10,ligero,schedule,15,0,0,1,0,328.3,archivo/2026/08/2026-08-28/0329,33133003864
2026-08-28,0550,2026-08-28T05:50:53+02:00,2026-08-28T03:50:53+00:00,v3.10,ligero,workflow_dispatch,18,0,0,0,0,344.4,archivo/2026/08/2026-08-28/0550,33140066672
2026-08-28,0850,2026-08-28T08:50:54+02:00,2026-08-28T06:50:54+00:00,v3.10,ligero,workflow_dispatch,18,0,0,0,0,349.2,archivo/2026/08/2026-08-28/0850,33149309665
2026-08-28,1150,2026-08-28T11:50:51+02:00,2026-08-28T09:50:51+00:00,v3.10,ligero,workflow_dispatch,18,0,0,0,0,351.1,archivo/2026/08/2026-08-28/1150,33161014176
2026-08-28,1450,2026-08-28T14:50:58+02:00,2026-08-28T12:50:58+00:00,v3.10,ligero,workflow_dispatch,18,0,0,0,0,369.0,archivo/2026/08/2026-08-28/1450,33172762359
